Date,Open,High,Low,Close,Volume,Dividends,Stock Splits
2020-01-02 00:00:00+08:00,24.10340275208961,24.60746737119134,23.965931218896554,24.286699295043945,9841900,0.0,0.0
2020-01-03 00:00:00+08:00,24.469995172177125,24.69911497061307,24.195050365226788,24.561641693115234,8397400,0.0,0.0
2020-01-06 00:00:00+08:00,24.33252482480589,24.424173104825638,23.92011018678535,24.103404998779297,7314019,0.0,0.0
2020-01-07 00:00:00+08:00,24.240878541230355,24.607469917020293,24.10340524576926,24.42417335510254,6845818,0.0,0.0
2020-01-08 00:00:00+08:00,24.149227142333984,24.469995210252492,24.10340213374829,24.149227142333984,2969182,0.0,0.0
2020-01-09 00:00:00+08:00,24.424173104825638,24.424173104825638,24.011758466805098,24.103404998779297,5615108,0.0,0.0
2020-01-10 00:00:00+08:00,24.24087498754564,24.286698247284658,23.37021906814184,23.41604232788086,14936051,0.0,0.0
2020-01-13 00:00:00+08:00,23.370222101440707,23.370222101440707,22.362094523926316,22.545391082763672,30641310,0.0,0.0
2020-01-14 00:00:00+08:00,22.7286863621007,24.01175880432129,22.63703982883829,24.01175880432129,46473246,0.0,0.0
2020-01-15 00:00:00+08:00,24.10340359649627,24.653291496577936,23.645163971102463,23.920108795166016,12649693,0.0,0.0
2020-01-16 00:00:00+08:00,23.920108697423522,23.965931960557484,23.2327492621415,23.507692337036133,10332279,0.0,0.0
2020-01-17 00:00:00+08:00,23.553515894932357,23.7368106842041,23.141099559991602,23.7368106842041,16330341,0.0,0.0
2020-01-20 00:00:00+08:00,23.828457671722518,23.920105935453577,23.553514628574586,23.87428092956543,6929600,0.0,0.0
2020-01-21 00:00:00+08:00,23.874285466932022,23.874285466932022,22.637039789579504,22.774511337280273,10085020,0.0,0.0
2020-01-22 00:00:00+08:00,22.774508432365575,23.278571292323136,22.453740363281064,23.23274803161621,4884175,0.0,0.0
2020-01-23 00:00:00+08:00,22.911981757473953,23.27857311598444,22.591213663260223,22.82033348083496,9642073,0.0,0.0
2020-01-24 00:00:00+08:00,22.72868571522439,22.72868571522439,22.453742627171117,22.637039184570312,2263603,0.0,0.0
2020-01-29 00:00:00+08:00,21.995504792203608,22.40792120627569,21.949681523104786,22.224624633789062,13660509,0.0,0.0
2020-01-30 00:00:00+08:00,22.453743999950756,22.453743999950756,21.491441384885405,21.583087921142578,18987203,0.0,0.0
2020-01-31 00:00:00+08:00,21.583085054609246,22.087149677305067,21.308141986262726,21.628910064697266,8641001,0.0,0.0
2020-02-03 00:00:00+08:00,21.262320424598652,21.99550316418666,21.21649541084594,21.72056007385254,7588841,0.0,0.0
2020-02-04 00:00:00+08:00,21.995501627617223,22.362092971801758,21.858030092053696,22.362092971801758,6936252,0.0,0.0
2020-02-05 00:00:00+08:00,22.40792073182217,22.40792073182217,21.491441384885405,21.583087921142578,8537367,0.0,0.0
2020-02-06 00:00:00+08:00,21.720560165433405,22.453742908112744,21.583086871641175,22.04132652282715,9030794,0.0,0.0
2020-02-07 00:00:00+08:00,22.132973290913892,22.132973290913892,21.2623190619566,21.445613861083984,12158311,0.0,0.0
2020-02-10 00:00:00+08:00,21.35396558749758,21.583085397440883,21.17067078837019,21.445613861083984,4743800,0.0,0.0
2020-02-11 00:00:00+08:00,21.674733845387436,21.674733845387436,21.21649422181457,21.353965759277344,8113181,0.0,0.0
2020-02-12 00:00:00+08:00,21.58308644722306,21.99550282439874,21.399791639180375,21.812206268310547,10200319,0.0,0.0
2020-02-13 00:00:00+08:00,21.99550157912234,21.99550157912234,21.49143870048562,21.537261962890625,4258936,0.0,0.0
2020-02-14 00:00:00+08:00,21.44561498269636,21.674734804622698,21.216495160770016,21.399791717529297,9401900,0.0,0.0
2020-02-17 00:00:00+08:00,21.537262065234028,21.995501683643262,21.39979052932034,21.949678421020508,18329073,0.0,0.0
2020-02-18 00:00:00+08:00,22.08715057373047,22.866158296389486,21.995502297880208,22.08715057373047,26298243,0.0,0.0
2020-02-19 00:00:00+08:00,22.637038675602458,22.911981757473953,22.224622304749737,22.82033348083496,14557900,0.0,0.0
2020-02-20 00:00:00+08:00,22.72868632268297,22.82033460383201,22.224623398431614,22.774511337280273,7145162,0.0,0.0
2020-02-21 00:00:00+08:00,22.453742803344994,22.774510907287603,22.453742803344994,22.545391082763672,7644455,0.0,0.0
2020-02-24 00:00:00+08:00,22.316272447519367,22.453743999950756,21.44561636871119,21.583087921142578,13754852,0.0,0.0
2020-02-25 00:00:00+08:00,21.353965248305347,21.674733326739887,21.124845442001448,21.628910064697266,8796927,0.0,0.0
2020-02-26 00:00:00+08:00,21.17067082898468,22.316269880898943,21.17067082898468,22.270444869995117,12841991,0.0,0.0
2020-02-27 00:00:00+08:00,21.674738136998712,21.995506286621094,21.399795007634264,21.995506286621094,18638109,0.0,0.0
2020-02-28 00:00:00+08:00,21.35396558749758,21.628910408256797,21.17067078837019,21.445613861083984,23639398,0.0,0.0
2020-03-02 00:00:00+08:00,21.3081447401328,21.58308784401304,21.124848172182226,21.26232147216797,12318033,0.0,0.0
2020-03-03 00:00:00+08:00,21.537262307924667,21.537262307924667,21.079022684351802,21.353965759277344,9489528,0.0,0.0
2020-03-04 00:00:00+08:00,21.170671818092888,21.858031281355352,21.170671818092888,21.812206268310547,6467850,0.0,0.0
2020-03-05 00:00:00+08:00,21.995502230937582,22.637038411891446,21.812205679794918,22.49956512451172,11177985,0.0,0.0
2020-03-06 00:00:00+08:00,22.17879884958073,22.545390204936307,21.812205746179686,22.08715057373047,8065002,0.0,0.0
2020-03-09 00:00:00+08:00,21.353968424021183,21.94968140744078,21.21649686940345,21.49144172668457,7884853,0.0,0.0
2020-03-10 00:00:00+08:00,21.81220548075201,21.903853755487024,21.537262404592415,21.766382217407227,5942371,0.0,0.0
2020-03-11 00:00:00+08:00,21.81220503341149,21.99550157912234,21.353965417179776,21.537261962890625,7415637,0.0,0.0
2020-03-12 00:00:00+08:00,21.1706710999977,21.2164943634427,20.254191846734127,20.43748664855957,17142599,0.0,0.0
2020-03-13 00:00:00+08:00,18.78782406650412,20.804079055786133,18.78782406650412,20.804079055786133,20960908,0.0,0.0
2020-03-16 00:00:00+08:00,20.62078194184737,20.804078480548593,20.070894073789038,20.16254234313965,10892937,0.0,0.0
2020-03-17 00:00:00+08:00,20.16254357179868,20.712431473365914,20.025072033418233,20.43748664855957,14023241,0.0,0.0
2020-03-18 00:00:00+08:00,20.208368214516,20.666607872423807,19.750128556608196,19.887601852416992,16675552,0.0,0.0
2020-03-19 00:00:00+08:00,19.8417771380946,20.11672198582778,18.78782625856472,19.291889190673828,15081998,0.0,0.0
2020-03-20 00:00:00+08:00,19.291886159744063,19.56683096428093,18.650351778582014,19.429359436035156,15746742,0.0,0.0
2020-03-23 00:00:00+08:00,19.15441723764083,19.15441723764083,18.182949658075167,18.237937927246094,7002560,0.0,0.0
2020-03-24 00:00:00+08:00,18.558704648273345,19.383535616365297,18.512881385397016,18.879472732543945,18273760,0.0,0.0
2020-03-25 00:00:00+08:00,19.612657008844966,20.116721681370894,19.154417350937162,19.887601852416992,12407508,0.0,0.0
2020-03-26 00:00:00+08:00,20.162542220557484,20.162542220557484,19.383534557881422,19.750125885009766,6259565,0.0,0.0
2020-03-27 00:00:00+08:00,19.429362307364766,19.70430540448823,19.15441746219572,19.38353729248047,12663324,0.0,0.0
2020-03-30 00:00:00+08:00,19.291889002187194,19.337714017051134,18.05464331763566,18.311256408691406,13115152,0.0,0.0
2020-03-31 00:00:00+08:00,18.421234308807104,18.604529120270307,18.20127948622394,18.329586029052734,11841914,0.0,0.0
2020-04-01 00:00:00+08:00,18.558706115219618,18.558706115219618,17.5414135169367,17.743040084838867,7206120,0.0,0.0
2020-04-02 00:00:00+08:00,17.68804914196554,17.962993970707597,17.43143606612752,17.77969741821289,5817530,0.0,0.0
2020-04-03 00:00:00+08:00,17.87134496694301,17.87134496694301,16.8082292010608,17.229808807373047,11255995,0.0,0.0
2020-04-06 00:00:00+08:00,17.24813974125492,17.303128008510818,16.49662701259084,17.193151473999023,8940191,0.0,0.0
2020-04-07 00:00:00+08:00,17.32145724383683,18.12795995196091,17.32145724383683,17.88967514038086,36049967,0.0,0.0
2020-04-08 00:00:00+08:00,17.596403657269736,18.311256408691406,17.596403657269736,18.311256408691406,21821151,0.0,0.0
2020-04-09 00:00:00+08:00,18.787825842557535,19.29188876350549,18.467057734660855,19.062768936157227,16003883,0.0,0.0
2020-04-14 00:00:00+08:00,19.42935960319597,19.56683113262448,19.10859153583255,19.337711334228516,11933130,0.0,0.0
2020-04-15 00:00:00+08:00,19.70430202240857,20.02507007935916,19.062765908507387,19.200239181518555,17940272,0.0,0.0
2020-04-16 00:00:00+08:00,19.062770871323988,19.658483881340022,19.062770871323988,19.475187301635742,8473630,0.0,0.0
2020-04-17 00:00:00+08:00,20.162543363349382,20.666606248214944,19.521007193479182,19.704303741455078,12481523,0.0,0.0
2020-04-20 00:00:00+08:00,20.162542681301804,20.162542681301804,19.65847981348741,19.979246139526367,12717033,0.0,0.0
2020-04-21 00:00:00+08:00,19.795955442095362,19.84177871299856,19.062770871323988,19.475187301635742,15198764,0.0,0.0
2020-04-22 00:00:00+08:00,18.92529343986841,19.75012429658042,18.92529343986841,19.658477783203125,16321227,0.0,0.0
2020-04-23 00:00:00+08:00,19.612656507109413,19.84177633020192,19.10859359552411,19.246065139770508,8444370,0.0,0.0
2020-04-24 00:00:00+08:00,18.69617491541588,19.246062772819794,18.69617491541588,19.016942977905273,2144671,0.0,0.0
2020-04-27 00:00:00+08:00,19.016942812932097,19.291885865226252,18.65035149385813,19.108591079711914,6289600,0.0,0.0
2020-04-28 00:00:00+08:00,19.246064079690875,19.383535616365297,18.650352922071434,18.879472732543945,6405700,0.0,0.0
2020-04-29 00:00:00+08:00,19.200242477080018,19.475185574203483,19.01694591363399,19.38353729248047,8238450,0.0,0.0
2020-05-04 00:00:00+08:00,19.062765249473976,20.391660690307617,18.87947047187138,20.391660690307617,16152025,0.0,0.0
2020-05-05 00:00:00+08:00,20.8040802675878,20.849903532176583,19.795952714225105,20.254192352294922,18682900,0.0,0.0
2020-05-06 00:00:00+08:00,20.34584036407204,20.34584036407204,19.887600731980736,19.93342399597168,17873188,0.0,0.0
2020-05-07 00:00:00+08:00,20.116718825309345,20.116718825309345,19.062766363319334,19.429359436035156,30067453,0.0,0.0
2020-05-08 00:00:00+08:00,19.61265475047467,20.574958970100393,19.24606341597003,20.48331069946289,46488459,0.0,0.0
2020-05-11 00:00:00+08:00,20.758255688933613,21.720559997825823,20.57496087870095,21.308143615722656,26201166,0.0,0.0
2020-05-12 00:00:00+08:00,21.628911457582944,21.628911457582944,20.66660716030765,20.987375259399414,17035940,0.0,0.0
2020-05-13 00:00:00+08:00,20.80408077534476,22.041326429893832,20.80408077534476,21.72056007385254,21419141,0.0,0.0
2020-05-14 00:00:00+08:00,21.67473472257655,21.720559735615662,20.84990371637309,20.987375259399414,14796631,0.0,0.0
2020-05-15 00:00:00+08:00,21.216495336583563,21.399791894861753,20.666607409794516,21.308143615722656,12227961,0.0,0.0
2020-05-18 00:00:00+08:00,21.079024420844185,21.308144251505535,20.48331321073379,20.620784759521484,15718324,0.0,0.0
2020-05-19 00:00:00+08:00,21.225550041403178,21.318034683928712,20.43941823171575,20.485660552978516,9111087,0.2039,0.0
2020-05-20 00:00:00+08:00,20.716874548859796,20.716874548859796,19.884500463652703,20.069473266601562,8649534,0.0,0.0
2020-05-21 00:00:00+08:00,20.346934071938996,20.531906905478387,19.884503752122203,19.93074607849121,6144850,0.0,0.0
2020-05-22 00:00:00+08:00,19.422071969737743,19.699529435121377,18.38622735517785,18.68218421936035,14674932,0.0,0.0
2020-05-25 00:00:00+08:00,18.21975437655155,19.422072441102397,18.21975437655155,19.329586029052734,10472524,0.0,0.0
2020-05-26 00:00:00+08:00,19.422069926919235,19.79201376319714,19.05212609064133,19.56079864501953,12532811,0.0,0.0
2020-05-27 00:00:00+08:00,19.884501109403722,19.884501109403722,19.329584446567562,19.65328598022461,7785746,0.0,0.0
2020-05-28 00:00:00+08:00,19.838258789180475,20.115716238582834,19.37582853082225,19.65328598022461,12102230,0.0,0.0
2020-05-29 00:00:00+08:00,19.6070430232608,20.300688388271944,19.37582790159042,20.069473266601562,41173620,0.0,0.0
2020-06-01 00:00:00+08:00,20.670634298914326,20.670634298914326,20.069475275211907,20.578147888183594,15393422,0.0,0.0
2020-06-02 00:00:00+08:00,20.531905063784393,21.318035125732422,20.300689924615792,21.318035125732422,10210828,0.0,0.0
2020-06-03 00:00:00+08:00,21.318034664476887,22.936540603637695,21.271792343256315,22.936540603637695,22436014,0.0,0.0
2020-06-04 00:00:00+08:00,23.121514039881088,23.67643072964454,22.566597350117636,23.58394432067871,17852293,0.0,0.0
2020-06-05 00:00:00+08:00,23.537701363694037,23.537701363694037,22.797811875944493,22.936540603637695,8167647,0.0,0.0
2020-06-08 00:00:00+08:00,23.306486229528208,23.306486229528208,22.427868014085462,22.936540603637695,8862732,0.0,0.0
2020-06-09 00:00:00+08:00,23.260243742766868,23.722674042877664,23.121515005539948,23.491458892822266,9275457,0.0,0.0
2020-06-10 00:00:00+08:00,23.445215156312564,23.583943885183817,22.381625882924297,22.751569747924805,9410312,0.0,0.0
2020-06-11 00:00:00+08:00,22.61284037428297,22.751569099198587,22.10416603088379,22.10416603088379,7545705,0.0,0.0
2020-06-12 00:00:00+08:00,21.410520323420506,22.011679298456443,21.271791600570893,21.78046417236328,8434779,0.0,0.0
2020-06-15 00:00:00+08:00,21.36427915005103,21.59549428854935,20.531905004263383,20.6243896484375,15645875,0.0,0.0
2020-06-16 00:00:00+08:00,21.225551042035754,21.503008510755457,20.948091809284488,21.271793365478516,9273500,0.0,0.0
2020-06-17 00:00:00+08:00,21.271791082139448,21.410519801607993,20.53190340228628,21.1330623626709,7022354,0.0,0.0
2020-06-18 00:00:00+08:00,21.04057730196786,21.50300757234078,20.994334980543165,21.179306030273438,5106318,0.0,0.0
2020-06-19 00:00:00+08:00,20.994335839252813,21.50300845185614,20.763120694609196,21.45676612854004,12046296,0.0,0.0
2020-06-22 00:00:00+08:00,21.225550365341608,21.364279095278633,20.624389595561986,20.809362411499023,6667602,0.0,0.0
2020-06-23 00:00:00+08:00,20.85560443871301,21.641736249287675,20.670633389421692,21.36427879333496,5952540,0.0,0.0
2020-06-24 00:00:00+08:00,21.410521363323433,21.410521363323433,20.855604680941415,20.994335174560547,6320706,0.0,0.0
2020-06-26 00:00:00+08:00,21.17930633363977,21.17930633363977,20.6243896484375,20.6243896484375,5431059,0.0,0.0
2020-06-29 00:00:00+08:00,20.439417862405456,20.67063299260454,20.20820273220637,20.34693145751953,5967000,0.0,0.0
2020-06-30 00:00:00+08:00,20.346931587673673,20.901848256507428,20.346931587673673,20.85560417175293,7046505,0.0,0.0
2020-07-02 00:00:00+08:00,21.410522367049158,21.410522367049158,20.62439051049005,20.9018497467041,8664553,0.0,0.0
2020-07-03 00:00:00+08:00,20.994336158775454,21.17930721888657,20.7168769225614,20.9018497467041,5249393,0.0,0.0
2020-07-06 00:00:00+08:00,20.948091203373608,21.826709435625105,20.901848881268375,21.503007888793945,7395300,0.0,0.0
2020-07-07 00:00:00+08:00,21.91919641782727,22.104167475123223,21.13306457323267,21.45676612854004,9880068,0.0,0.0
2020-07-08 00:00:00+08:00,21.595494409812307,22.79781243114222,21.50300800108735,22.011680603027344,14172821,0.0,0.0
2020-07-09 00:00:00+08:00,22.150410306706323,22.335381353515785,21.64173595890951,21.9191951751709,9856251,0.0,0.0
2020-07-10 00:00:00+08:00,21.919195898795998,21.919195898795998,20.901848933647848,21.318035125732422,7265928,0.0,0.0
2020-07-13 00:00:00+08:00,21.364277961577354,21.965436935424805,20.99433411336596,21.965436935424805,11186545,0.0,0.0
2020-07-14 00:00:00+08:00,21.687980474536538,22.751569747924805,21.64173638889179,22.751569747924805,13033539,0.0,0.0
2020-07-15 00:00:00+08:00,23.12151583769252,23.491459738289265,22.196655204184818,22.381628036499023,17959574,0.0,0.0
2020-07-16 00:00:00+08:00,22.47411141530598,22.65908423714016,21.133064631118664,21.271793365478516,12782364,0.0,0.0
2020-07-17 00:00:00+08:00,21.271792101259123,21.9191951751709,21.086819290418198,21.9191951751709,4917089,0.0,0.0
2020-07-20 00:00:00+08:00,21.919194573299755,22.150409698486328,21.17930511428387,22.150409698486328,7186649,0.0,0.0
2020-07-21 00:00:00+08:00,22.19665347708501,22.890298898243916,22.011680659163357,22.705326080322266,12538118,0.0,0.0
2020-07-22 00:00:00+08:00,22.56659851505646,22.65908492879665,21.734224319458008,21.734224319458008,6407620,0.0,0.0
2020-07-23 00:00:00+08:00,21.919197719745174,22.751571937095772,21.73422488743097,22.381628036499023,6653022,0.0,0.0
2020-07-24 00:00:00+08:00,22.011679254939448,22.427867186696904,21.8729505323641,21.965436935424805,4237835,0.0,0.0
2020-07-27 00:00:00+08:00,22.057923295605416,22.4741094625224,21.78046408696268,22.150409698486328,7101076,0.0,0.0
2020-07-28 00:00:00+08:00,22.844056630584,23.398971557617188,22.427868671277576,23.398971557617188,19543709,0.0,0.0
2020-07-29 00:00:00+08:00,23.58394432067871,23.72267305211169,22.89029889948228,23.58394432067871,12351120,0.0,0.0
2020-07-30 00:00:00+08:00,24.97123589916764,25.988582899717823,24.508805604738612,24.740020751953125,39178640,0.0,0.0
2020-07-31 00:00:00+08:00,25.433664044503534,26.682226086767265,25.341177640626324,25.98858070373535,21936326,0.0,0.0
2020-08-03 00:00:00+08:00,25.84985456407551,25.942339213166726,24.786263459210428,25.57239532470703,14967616,0.0,0.0
2020-08-04 00:00:00+08:00,25.849854538181607,26.03482560021036,24.647534696852457,24.87874984741211,14195351,0.0,0.0
2020-08-05 00:00:00+08:00,25.109963951726016,25.6186383201815,24.740020079051185,25.156208038330078,14594475,0.0,0.0
2020-08-06 00:00:00+08:00,25.3411772556603,25.38742133891211,24.27758803730831,24.7862606048584,8407300,0.0,0.0
2020-08-07 00:00:00+08:00,24.878746857015148,25.202448381696428,24.185101488711577,24.277587890625,7792539,0.0,0.0
2020-08-10 00:00:00+08:00,23.861401893448342,24.555047317839648,23.445215697232477,24.09261703491211,9837484,0.0,0.0
2020-08-11 00:00:00+08:00,24.78626372444218,25.526153273310552,24.508806246136306,25.202451705932617,14884086,0.0,0.0
2020-08-12 00:00:00+08:00,25.341179256853916,25.572394399277826,24.60129150671003,25.479907989501953,11593166,0.0,0.0
2020-08-13 00:00:00+08:00,25.896097165728925,25.896097165728925,25.15620938089218,25.202451705932617,9248430,0.0,0.0
2020-08-14 00:00:00+08:00,25.479909266157215,26.0810700778054,25.017478958139613,25.711124420166016,7829333,0.0,0.0
2020-08-17 00:00:00+08:00,25.47990762470482,25.71112276381841,25.15620784117101,25.34117889404297,7037587,0.0,0.0
2020-08-18 00:00:00+08:00,25.711121772525736,25.711121772525736,25.156206871273092,25.433664321899414,4194713,0.0,0.0
2020-08-19 00:00:00+08:00,25.71112246115289,26.034824004907673,25.341178595732345,25.896095275878906,5735886,0.0,0.0
2020-08-20 00:00:00+08:00,25.757368125151423,25.757368125151423,24.60129237235317,24.87874984741211,8529816,0.0,0.0
2020-08-21 00:00:00+08:00,25.156206547241936,25.294935270768164,24.69377629280022,25.109962463378906,3300837,0.0,0.0
2020-08-24 00:00:00+08:00,25.156209111701727,25.61863941328425,25.156209111701727,25.57239532470703,3474131,0.0,0.0
2020-08-25 00:00:00+08:00,25.803609172270146,25.803609172270146,25.063721432719273,25.34117889404297,3553490,0.0,0.0
2020-08-26 00:00:00+08:00,25.433664185768816,25.526150590159716,24.78626111906394,24.924991607666016,3610736,0.0,0.0
2020-08-27 00:00:00+08:00,25.202448533967676,25.202448533967676,24.601289563945368,24.7862606048584,4965354,0.0,0.0
2020-08-28 00:00:00+08:00,24.971233409802835,25.01747572902324,24.185101634836094,24.7862606048584,5554360,0.0,0.0
2020-08-31 00:00:00+08:00,24.878749821061454,25.01747855844399,23.90764689535212,24.185104370117188,8863669,0.0,0.0
2020-09-01 00:00:00+08:00,24.138860010170486,24.138860010170486,23.491456938268442,23.676429748535156,10571426,0.0,0.0
2020-09-02 00:00:00+08:00,23.58394252232143,24.32383020956601,23.029025874872293,24.277587890625,11954359,0.0,0.0
2020-09-03 00:00:00+08:00,24.000132025463266,24.231347163419436,23.58394407152955,23.953887939453125,6358348,0.0,0.0
2020-09-04 00:00:00+08:00,23.44521564422431,23.861401839499198,23.029027684917885,23.398971557617188,11749703,0.0,0.0
2020-09-07 00:00:00+08:00,23.445214957221406,23.537701363694037,22.474110335306037,22.936540603637695,9258414,0.0,0.0
2020-09-08 00:00:00+08:00,23.214000140305668,23.491457599483894,22.936540917095936,23.260242462158203,6406200,0.0,0.0
2020-09-09 00:00:00+08:00,22.936540917095936,23.398971191747318,22.79781218750682,23.260242462158203,4665757,0.0,0.0
2020-09-10 00:00:00+08:00,23.53770316734827,23.583945492112314,22.52035614625475,22.612842559814453,6145623,0.0,0.0
2020-09-11 00:00:00+08:00,22.936541887196825,23.260243445950046,22.381626945370243,23.167757034301758,5194445,0.0,0.0
2020-09-14 00:00:00+08:00,23.167757329938386,23.676431718479225,22.982786268313028,23.491458892822266,5589236,0.0,0.0
2020-09-15 00:00:00+08:00,23.49145727844198,23.49145727844198,22.797811875944493,22.936540603637695,4809163,0.0,0.0
2020-09-16 00:00:00+08:00,22.844056630584,23.491457966799896,22.797812543976878,23.398971557617188,3703439,0.0,0.0
2020-09-17 00:00:00+08:00,23.39897150148117,23.583944319402825,22.659083757857616,22.705326080322266,7736094,0.0,0.0
2020-09-18 00:00:00+08:00,22.890299466191507,23.167756935926654,22.474111497557214,22.65908432006836,25741280,0.0,0.0
2020-09-21 00:00:00+08:00,22.47411088262062,22.56659729134558,21.919195958333905,22.011680603027344,5983020,0.0,0.0
2020-09-22 00:00:00+08:00,21.919195469271873,22.01168011190179,21.36427879333496,21.36427879333496,8803172,0.0,0.0
2020-09-23 00:00:00+08:00,21.318035072309996,21.78046534948836,21.318035072309996,21.503007888793945,5087560,0.0,0.0
2020-09-24 00:00:00+08:00,21.271793307212523,21.780465919815853,21.271793307212523,21.45676612854004,6500032,0.0,0.0
2020-09-25 00:00:00+08:00,21.364279211985053,21.595494351153654,21.08681998656382,21.318035125732422,6114712,0.0,0.0
2020-09-28 00:00:00+08:00,21.225553021092182,21.595496935222297,21.086822509765625,21.086822509765625,6015232,0.0,0.0
2020-09-29 00:00:00+08:00,21.59549657629809,21.59549657629809,20.90185108732084,20.94809341430664,3306721,0.0,0.0
2020-09-30 00:00:00+08:00,20.763120089530517,21.318035009278617,20.716876003530505,20.809362411499023,7411694,0.0,0.0
2020-10-05 00:00:00+08:00,20.948093762470798,21.225553021092182,20.578149848340683,21.086822509765625,5071409,0.0,0.0
2020-10-06 00:00:00+08:00,21.17930616492458,22.797812121519733,21.086819757455697,22.56659698486328,9745250,0.0,0.0
2020-10-07 00:00:00+08:00,22.566596933408803,22.797812069538058,22.011680253892298,22.751569747924805,9156350,0.0,0.0
2020-10-08 00:00:00+08:00,22.844056273390862,23.306486548042244,22.751569865654286,23.260242462158203,7957000,0.0,0.0
2020-10-09 00:00:00+08:00,23.583942744124943,24.138859396792988,23.167754813616057,23.907644271850586,12478605,0.0,0.0
2020-10-12 00:00:00+08:00,23.630187904464258,24.000133560074318,22.93654244624282,23.12151527404785,15675700,0.0,0.0
2020-10-14 00:00:00+08:00,22.011683991829415,22.52035843611375,22.011683991829415,22.05792808532715,14114702,0.0,0.0
2020-10-15 00:00:00+08:00,22.196653249886086,22.196653249886086,21.271792697807502,21.68798065185547,12896400,0.0,0.0
2020-10-16 00:00:00+08:00,21.595492718279807,22.057922961651833,21.549248635523774,21.82670783996582,5644432,0.0,0.0
2020-10-19 00:00:00+08:00,21.872949938827333,22.335380177551087,21.826707620567504,22.196651458740234,5412600,0.0,0.0
2020-10-20 00:00:00+08:00,22.242895746241135,22.89029884338379,22.196653423887312,22.89029884338379,7389721,0.0,0.0
2020-10-21 00:00:00+08:00,22.797812434644623,23.029027574476782,22.797812434644623,22.89029884338379,4357149,0.0,0.0
2020-10-22 00:00:00+08:00,22.936541165737612,22.936541165737612,22.3353821549803,22.89029884338379,2569752,0.0,0.0
2020-10-23 00:00:00+08:00,22.659082782723427,23.121513043595336,22.566596377742755,22.79781150817871,3768318,0.0,0.0
2020-10-27 00:00:00+08:00,22.89029720283172,22.98278360494237,21.919194390748387,22.33538055419922,7698863,0.0,0.0
2020-10-28 00:00:00+08:00,21.965438280680626,22.242895742823983,21.780465463230705,22.011680603027344,8191784,0.0,0.0
2020-10-29 00:00:00+08:00,22.011681064459466,22.104167475123223,21.225550983896426,21.45676612854004,15447752,0.0,0.0
2020-10-30 00:00:00+08:00,21.086822509765625,21.549252843436204,20.80936501517597,21.086822509765625,9339929,0.0,0.0
2020-11-02 00:00:00+08:00,21.086818782304924,21.13306286591658,19.97698723609654,20.208202362060547,13037907,0.0,0.0
2020-11-03 00:00:00+08:00,20.57814727359348,20.809362411499023,20.02323058981387,20.809362411499023,8037827,0.0,0.0
2020-11-04 00:00:00+08:00,20.809363032994646,20.948091767074963,20.439419154103277,20.578147888183594,6283300,0.0,0.0
2020-11-05 00:00:00+08:00,20.855604077635327,21.225549697875977,20.485660221426137,21.225549697875977,9427784,0.0,0.0
2020-11-06 00:00:00+08:00,21.271792114386113,21.687980057019296,20.80936185102989,20.85560417175293,10261797,0.0,0.0
2020-11-09 00:00:00+08:00,20.994334614196674,21.133063340081467,20.809361803662647,21.040576934814453,8700464,0.0,0.0
2020-11-10 00:00:00+08:00,22.982783995025166,23.861400419910453,21.965437082603557,23.537700653076172,33424035,0.0,0.0
2020-11-11 00:00:00+08:00,23.537700645597802,23.5839429654076,22.289138606387585,22.474109649658203,10882313,0.0,0.0
2020-11-12 00:00:00+08:00,22.427867242979374,23.029026218335424,22.24289443639378,22.84405517578125,9995821,0.0,0.0
2020-11-13 00:00:00+08:00,22.93653981504263,23.12151262162822,22.52035364627217,22.84405517578125,9669908,0.0,0.0
2020-11-16 00:00:00+08:00,24.786263408129233,24.786263408129233,23.676431745037362,24.185104370117188,39490926,0.0,0.0
2020-11-17 00:00:00+08:00,24.231347043175983,24.27758936492515,23.306486495940742,23.445215225219727,14865064,0.0,0.0
2020-11-18 00:00:00+08:00,23.352728212584136,24.04637360503713,23.352728212584136,23.676429748535156,10475763,0.0,0.0
2020-11-19 00:00:00+08:00,23.722673158698818,25.202450416706228,23.630186749317442,24.971235275268555,27115024,0.0,0.0
2020-11-20 00:00:00+08:00,24.971234061501242,25.80360817741166,24.786261251729393,25.433664321899414,28644174,0.0,0.0
2020-11-23 00:00:00+08:00,25.803610523203258,27.09841501722179,25.757368198572156,26.959686279296875,25650633,0.0,0.0
2020-11-24 00:00:00+08:00,27.09841462188149,27.283387445770533,26.0810693825865,26.12731170654297,12782092,0.0,0.0
2020-11-25 00:00:00+08:00,26.127310719835474,26.54349867585254,25.20245016338112,25.34117889404297,11387931,0.0,0.0
2020-11-26 00:00:00+08:00,25.988583301743944,26.54350001644929,25.38742426249299,25.57239532470703,12723022,0.0,0.0
2020-11-27 00:00:00+08:00,25.572394342991174,25.942338217248842,25.341179201076187,25.664880752563477,5345029,0.0,0.0
2020-11-30 00:00:00+08:00,25.526153187862104,25.618639601665006,24.50880616409341,24.69377899169922,17114634,0.0,0.0
2020-12-01 00:00:00+08:00,25.15620742634466,25.479907204540655,24.83250588411718,25.387422561645508,11043432,0.0,0.0
2020-12-02 00:00:00+08:00,25.3874232327983,25.849853515625,25.063721682013306,25.849853515625,12503441,0.0,0.0
2020-12-03 00:00:00+08:00,25.84985456407551,26.266040777080814,25.433666587038598,25.57239532470703,10411206,0.0,0.0
2020-12-04 00:00:00+08:00,25.757366529908385,26.081068073450258,24.97123471388712,25.01747703552246,52524322,0.0,0.0
2020-12-07 00:00:00+08:00,24.971234909835687,25.572393915969876,24.555046955725825,24.83250617980957,28120171,0.0,0.0
2020-12-08 00:00:00+08:00,24.786263408129233,24.97123623399368,24.092617957184963,24.185104370117188,10521604,0.0,0.0
2020-12-09 00:00:00+08:00,24.04637313678587,24.55504570906685,24.04637313678587,24.416316986083984,7703514,0.0,0.0
2020-12-10 00:00:00+08:00,24.092616925153262,24.555047205974105,23.953888193713315,24.462562561035156,5365754,0.0,0.0
2020-12-11 00:00:00+08:00,24.693775966417586,25.202448533967676,24.555045480693558,24.7862606048584,7967680,0.0,0.0
2020-12-14 00:00:00+08:00,25.063721371752752,25.063721371752752,24.462562364326022,24.647533416748047,8891393,0.0,0.0
2020-12-15 00:00:00+08:00,24.46256292300146,24.74002038998682,24.416318835816195,24.60129165649414,9142141,0.0,0.0
2020-12-16 00:00:00+08:00,24.601291401774585,24.971235275268555,24.55504731506813,24.971235275268555,9228522,0.0,0.0
2020-12-17 00:00:00+08:00,24.508806143852745,24.508806143852745,23.49145912092423,24.000133514404297,16183340,0.0,0.0
2020-12-18 00:00:00+08:00,23.676429559489698,23.907644688461215,23.167755217333493,23.861400604248047,11077060,0.0,0.0
2020-12-21 00:00:00+08:00,23.63018566395275,24.138860010170486,23.491456938268442,23.676429748535156,8379713,0.0,0.0
2020-12-22 00:00:00+08:00,23.67643041495705,23.67643041495705,22.936540917095936,23.260242462158203,9500467,0.0,0.0
2020-12-23 00:00:00+08:00,23.49145727844198,23.537701363694037,22.705325469471866,22.936540603637695,6572810,0.0,0.0
2020-12-24 00:00:00+08:00,23.260242462158203,23.260242462158203,23.260242462158203,23.260242462158203,0,0.0,0.0
2020-12-28 00:00:00+08:00,23.306486800694287,23.58394426288027,22.89029884338379,22.89029884338379,4970300,0.0,0.0
2020-12-29 00:00:00+08:00,22.89030003646195,22.89030003646195,22.381627407931,22.612842559814453,4198207,0.0,0.0
2020-12-30 00:00:00+08:00,22.612841085514308,23.537701632749553,22.566596999733648,23.445215225219727,5743300,0.0,0.0
2020-12-31 00:00:00+08:00,23.861400604248047,23.861400604248047,23.861400604248047,23.861400604248047,0,0.0,0.0
2021-01-04 00:00:00+08:00,24.000131960019317,24.000131960019317,23.121513732569092,23.260242462158203,6346900,0.0,0.0
2021-01-05 00:00:00+08:00,23.07527123727843,24.370075643764,22.751569694649163,24.32383155822754,14290957,0.0,0.0
2021-01-06 00:00:00+08:00,24.60129103134301,25.156207715244125,23.861401531464356,23.953887939453125,12682357,0.0,0.0
2021-01-07 00:00:00+08:00,23.9538881925105,24.092616923943485,23.58394432067871,23.58394432067871,8134682,0.0,0.0
2021-01-08 00:00:00+08:00,23.58394527132812,24.508805870203734,23.4452165343031,24.37007713317871,10749909,0.0,0.0
2021-01-11 00:00:00+08:00,24.370074565400333,24.462560968349287,23.58394278638134,23.722671508789062,6140724,0.0,0.0
2021-01-12 00:00:00+08:00,23.72267206908611,23.815158474219466,23.352728212584136,23.676429748535156,4045337,0.0,0.0
2021-01-13 00:00:00+08:00,23.6764330071976,23.6764330071976,22.982787519275977,23.029029846191406,6677868,0.0,0.0
2021-01-14 00:00:00+08:00,23.029027574476782,23.07527166086213,22.65908370355163,22.89029884338379,6009903,0.0,0.0
2021-01-15 00:00:00+08:00,23.075271343926374,23.075271343926374,22.427868255675712,22.56659698486328,10417026,0.0,0.0
2021-01-18 00:00:00+08:00,22.38162593395702,22.65908339233216,21.82670925317524,22.56659698486328,13863559,0.0,0.0
2021-01-19 00:00:00+08:00,22.474111592986954,23.49145859305498,22.289140533721955,23.167757034301758,17261958,0.0,0.0
2021-01-20 00:00:00+08:00,22.982783670633857,23.76891544477428,22.844054949087052,23.213998794555664,7119600,0.0,0.0
2021-01-21 00:00:00+08:00,23.49145907855261,23.53770316734827,22.52035614625475,22.612842559814453,9174811,0.0,0.0
2021-01-22 00:00:00+08:00,22.520353358420518,22.566595677460143,22.150409514009315,22.33538055419922,7454946,0.0,0.0
2021-01-25 00:00:00+08:00,22.3353821549803,22.936541165737612,21.82670955296216,22.89029884338379,11323724,0.0,0.0
2021-01-26 00:00:00+08:00,22.890301101413424,23.30648909977907,22.520357193994897,23.029029846191406,11038266,0.0,0.0
2021-01-27 00:00:00+08:00,23.49145730301705,24.13886038497123,23.49145730301705,23.81515884399414,12568938,0.0,0.0
2021-01-28 00:00:00+08:00,23.815159568080194,25.896095841019243,23.630186749317442,24.971235275268555,31598988,0.0,0.0
2021-01-29 00:00:00+08:00,24.971235278087047,24.971235278087047,23.768917248088062,24.09261703491211,17767456,0.0,0.0
2021-02-01 00:00:00+08:00,23.907644314686973,24.0463730370947,23.58394278638134,23.722671508789062,6923486,0.0,0.0
2021-02-02 00:00:00+08:00,23.72267280149695,24.50880462335424,23.491457663540782,23.953887939453125,11404186,0.0,0.0
2021-02-03 00:00:00+08:00,23.953887444234862,24.00013152928896,23.029026911530572,23.306486129760742,7727700,0.0,0.0
2021-02-04 00:00:00+08:00,23.306486800694287,23.306486800694287,22.65908370355163,22.89029884338379,13320743,0.0,0.0
2021-02-05 00:00:00+08:00,22.705327209342542,23.07527286358136,22.427869732695044,22.612842559814453,6515533,0.0,0.0
2021-02-08 00:00:00+08:00,22.70532628012723,22.98278550945133,22.427868814834675,22.520355224609375,7545740,0.0,0.0
2021-02-09 00:00:00+08:00,22.427868618684656,23.67643072964454,22.381626296217505,23.58394432067871,9239978,0.0,0.0
2021-02-10 00:00:00+08:00,23.58394533210514,24.740021083678922,23.26024376885816,24.185104370117188,12672003,0.0,0.0
2021-02-11 00:00:00+08:00,24.277587890625,24.277587890625,24.277587890625,24.277587890625,0,0.0,0.0
2021-02-16 00:00:00+08:00,24.323833336487606,24.971236469076306,24.231348686716323,24.69377899169922,10897742,0.0,0.0
2021-02-17 00:00:00+08:00,24.69377647870448,25.109962652416378,24.092615732179336,24.924991607666016,7901830,0.0,0.0
2021-02-18 00:00:00+08:00,25.109964267311156,25.156208354496417,24.185103691984544,24.60129165649414,5798856,0.0,0.0
2021-02-19 00:00:00+08:00,25.063721629153488,25.38742317925579,24.64753366987459,25.156208038330078,7655000,0.0,0.0
2021-02-22 00:00:00+08:00,25.71112433750393,25.896097165728925,25.06372296677968,25.202451705932617,12336039,0.0,0.0
2021-02-23 00:00:00+08:00,25.341178579064334,25.341178579064334,24.740019577647423,25.01747703552246,5785388,0.0,0.0
2021-02-24 00:00:00+08:00,25.248692683475138,25.57239423357744,24.878748810800303,25.156208038330078,14177441,0.0,0.0
2021-02-25 00:00:00+08:00,24.786261570862433,25.664879782544098,23.07527099658467,23.306486129760742,17618000,0.0,0.0
2021-02-26 00:00:00+08:00,23.213999558962986,23.213999558962986,21.826708769750436,21.9191951751709,17281848,0.0,0.0
2021-03-01 00:00:00+08:00,21.965437305968173,22.19665243550468,21.456764726600436,22.10416603088379,15577649,0.0,0.0
2021-03-02 00:00:00+08:00,21.965436600667786,22.150409403970176,21.5030063564432,21.641735076904297,8893669,0.0,0.0
2021-03-03 00:00:00+08:00,21.919194659244315,21.96543697885038,21.456764407057992,21.78046417236328,6683470,0.0,0.0
2021-03-04 00:00:00+08:00,21.318034955587844,21.503007771059018,20.809362359089373,20.994335174560547,7549784,0.0,0.0
2021-03-05 00:00:00+08:00,20.85560443871301,21.503007521311318,20.531904661445335,21.36427879333496,11447121,0.0,0.0
2021-03-08 00:00:00+08:00,21.41052045896471,21.456764542894955,20.578146352566076,20.716875076293945,8872469,0.0,0.0
2021-03-09 00:00:00+08:00,21.08682089928408,21.687981698368255,20.67063468918534,21.4105224609375,8701781,0.0,0.0
2021-03-10 00:00:00+08:00,21.410520323420506,21.78046417236328,21.271791600570893,21.78046417236328,6987609,0.0,0.0
2021-03-11 00:00:00+08:00,21.78046417236328,22.104165701699994,21.503006726664054,21.78046417236328,4779072,0.0,0.0
2021-03-12 00:00:00+08:00,21.965439171767418,22.104167908466998,21.31803604846058,21.4105224609375,7459880,0.0,0.0
2021-03-15 00:00:00+08:00,21.271791082139448,21.595492603586976,20.994333643202353,21.1330623626709,3892731,0.0,0.0
2021-03-16 00:00:00+08:00,21.364278423450493,21.503007149025006,21.040576887755652,21.225549697875977,4452984,0.0,0.0
2021-03-17 00:00:00+08:00,21.1793045807417,22.28913785929126,20.99433354367102,22.196651458740234,8443737,0.0,0.0
2021-03-18 00:00:00+08:00,22.427869732695044,22.936542361225996,22.19665458081159,22.612842559814453,10203282,0.0,0.0
2021-03-19 00:00:00+08:00,22.52035461179555,22.751569747924805,21.965437932279045,22.751569747924805,9762038,0.0,0.0
2021-03-22 00:00:00+08:00,22.381627816771406,22.751571713736297,21.826711089308247,21.872953414916992,4405399,0.0,0.0
2021-03-23 00:00:00+08:00,21.78046445160004,22.289138793945312,21.595493406772935,22.289138793945312,5655899,0.0,0.0
2021-03-24 00:00:00+08:00,21.872951757730334,22.15041098245626,21.456765566688716,21.503007888793945,5580634,0.0,0.0
2021-03-25 00:00:00+08:00,21.410519954792004,21.780463797365396,21.08681843102852,21.641735076904297,5541605,0.0,0.0
2021-03-26 00:00:00+08:00,21.595493129907602,21.919194659244315,21.456764407057992,21.78046417236328,4708150,0.0,0.0
2021-03-29 00:00:00+08:00,21.364277635982102,21.965436600667786,21.31803355314081,21.641735076904297,2619062,0.0,0.0
2021-03-30 00:00:00+08:00,21.59549424384131,22.104166841871926,21.456765513835823,21.68798065185547,4344144,0.0,0.0
2021-03-31 00:00:00+08:00,21.780465919815853,21.87295233047961,21.364279717876283,21.45676612854004,4688399,0.0,0.0
2021-04-01 00:00:00+08:00,21.549250157818474,21.734222973846794,20.948091151773692,21.68798065185547,6478276,0.0,0.0
2021-04-07 00:00:00+08:00,22.011679992954466,22.705325393119395,21.91919535082432,22.242895126342773,11223201,0.0,0.0
2021-04-08 00:00:00+08:00,22.242897940407232,23.121516264053962,22.196655613491803,23.029029846191406,8135716,0.0,0.0
2021-04-09 00:00:00+08:00,23.16775593453856,23.491457477925817,22.659083340666804,22.751569747924805,7096062,0.0,0.0
2021-04-12 00:00:00+08:00,22.936540526507702,22.936540526507702,21.965437671889394,22.242895126342773,4284555,0.0,0.0
2021-04-13 00:00:00+08:00,22.2428947557994,22.566596289956802,21.826708581052557,22.10416603088379,5648459,0.0,0.0
2021-04-14 00:00:00+08:00,22.381624637270242,22.612839760531166,22.19665183304894,22.33538055419922,3004342,0.0,0.0
2021-04-15 00:00:00+08:00,22.47410988533591,22.659082694577695,22.011679626262897,22.10416603088379,3115301,0.0,0.0
2021-04-16 00:00:00+08:00,22.104167262639002,22.566597547480953,22.057924939767425,22.520355224609375,3542449,0.0,0.0
2021-04-19 00:00:00+08:00,22.520355585200786,22.751570731323934,22.24289635143407,22.65908432006836,4783406,0.0,0.0
2021-04-20 00:00:00+08:00,22.42786861747131,22.797812489283093,22.289139886045838,22.705326080322266,4731947,0.0,0.0
2021-04-21 00:00:00+08:00,22.65908432006836,22.705326643680362,22.150411704210065,22.65908432006836,3802427,0.0,0.0
2021-04-22 00:00:00+08:00,22.659082144337045,23.352727516102465,22.335380618040237,23.213998794555664,6683926,0.0,0.0
2021-04-23 00:00:00+08:00,23.30648625390977,24.32383143407851,23.075271119502062,23.81515884399414,8613407,0.0,0.0
2021-04-26 00:00:00+08:00,23.67643141635156,23.76891782799985,22.890299563388467,23.167757034301758,4897781,0.0,0.0
2021-04-27 00:00:00+08:00,23.16775593453856,23.30648642744131,22.705325662280057,22.751569747924805,3521757,0.0,0.0
2021-04-28 00:00:00+08:00,22.84405677680505,22.936541422548206,22.427868814834675,22.520355224609375,4839423,0.0,0.0
2021-04-29 00:00:00+08:00,22.520355968202228,23.815160455706145,22.520355968202228,23.491458892822266,5242746,0.0,0.0
2021-04-30 00:00:00+08:00,23.445215587977348,23.630186641867475,22.659083757857616,22.705326080322266,4448682,0.0,0.0
2021-05-03 00:00:00+08:00,22.751569799801043,22.797812121519733,22.335381848206833,22.56659698486328,3581762,0.0,0.0
2021-05-04 00:00:00+08:00,22.520353733499427,22.659082456960245,22.289138606387585,22.474109649658203,1761010,0.0,0.0
2021-05-05 00:00:00+08:00,22.520353733499427,22.93653990388188,22.381625010038608,22.474109649658203,2515697,0.0,0.0
2021-05-06 00:00:00+08:00,24.046374601476334,24.508804882273953,23.121514039881088,23.58394432067871,20735293,0.0,0.0
2021-05-07 00:00:00+08:00,23.768918713519312,24.693779336395057,23.67643229842541,24.13886260986328,11674291,0.0,0.0
2021-05-10 00:00:00+08:00,24.37007429253842,24.508803013392857,23.907644047002705,24.277587890625,5422924,0.0,0.0
2021-05-11 00:00:00+08:00,24.185102046332467,24.508803578477128,23.722671790134783,24.231346130371094,6097701,0.0,0.0
2021-05-12 00:00:00+08:00,24.277590517165205,24.64753440081093,23.861402545544024,24.5550479888916,6735838,0.0,0.0
2021-05-13 00:00:00+08:00,24.555048488979054,24.7862636414705,24.18510459779906,24.69377899169922,5456075,0.0,0.0
2021-05-14 00:00:00+08:00,24.924992291043814,25.711122339841502,24.83250588411718,25.387422561645508,14586757,0.0,0.0
2021-05-17 00:00:00+08:00,25.172616475062668,25.31246398871705,24.61322464218753,24.892921447753906,6914701,0.2196,0.0
2021-05-18 00:00:00+08:00,25.12600326538086,25.312466039272792,24.659843663264386,25.12600326538086,4805776,0.0,0.0
2021-05-20 00:00:00+08:00,24.7064561600469,24.939535935141684,24.147064344167912,24.380144119262695,8095576,0.0,0.0
2021-05-21 00:00:00+08:00,24.38014590853363,24.42676293392837,23.960603349527123,24.147066116333008,7457733,0.0,0.0
2021-05-24 00:00:00+08:00,24.240297220434257,24.659841537475586,24.053832684358646,24.659841537475586,5338379,0.0,0.0
2021-05-25 00:00:00+08:00,24.519992963998863,25.45231211515103,24.519992963998863,25.405696868896484,6232109,0.0,0.0
2021-05-26 00:00:00+08:00,25.219231137477305,25.59216020294888,25.079383627054252,25.26584815979004,5813324,0.0,0.0
2021-05-27 00:00:00+08:00,25.405696745272035,25.54554426161283,24.986152417992006,25.172616958618164,12799717,0.0,0.0
2021-05-28 00:00:00+08:00,25.172616475062668,25.219231720194923,24.706456910709655,24.892921447753906,3674007,0.0,0.0
2021-05-31 00:00:00+08:00,24.799690127391493,24.799690127391493,24.380145792130413,24.56661033630371,6058293,0.0,0.0
2021-06-01 00:00:00+08:00,24.659840204647374,25.079382720755437,24.333528173280538,24.519990921020508,4591292,0.0,0.0
2021-06-02 00:00:00+08:00,24.426761627197266,24.566609139384838,24.193681847465452,24.426761627197266,4466180,0.0,0.0
2021-06-03 00:00:00+08:00,24.286914825439453,24.566611656732807,24.00721977240388,24.286914825439453,5386242,0.0,0.0
2021-06-04 00:00:00+08:00,24.240297187879246,24.286912432706742,23.307978065268507,24.007217407226562,12349756,0.0,0.0
2021-06-07 00:00:00+08:00,24.240295910281798,24.613223184019247,23.820751615916226,24.519990921020508,5375182,0.0,0.0
2021-06-08 00:00:00+08:00,24.986150896368823,25.219230668828448,23.820752034070694,23.913984298706055,10583434,0.0,0.0
2021-06-09 00:00:00+08:00,23.86736967140363,24.333529228351914,23.820752648754247,24.193681716918945,5905767,0.0,0.0
2021-06-10 00:00:00+08:00,24.286912432706742,24.519992213359426,23.913985139313965,24.007217407226562,4847938,0.0,0.0
2021-06-11 00:00:00+08:00,24.426761982461905,24.5199924731045,24.053832906861015,24.473377227783203,4728977,0.0,0.0
2021-06-15 00:00:00+08:00,24.28691149738694,24.519991269063425,23.960601239645886,24.333528518676758,3773423,0.0,0.0
2021-06-16 00:00:00+08:00,23.96060286204167,24.240297895688865,23.16813122903108,23.214746475219727,10328108,0.0,0.0
2021-06-17 00:00:00+08:00,22.84181929058309,23.774138445300768,22.84181929058309,23.447826385498047,6789295,0.0,0.0
2021-06-18 00:00:00+08:00,23.447828083404474,23.634292639153365,22.888436194415593,22.98166847229004,7336074,0.0,0.0
2021-06-21 00:00:00+08:00,22.70197296142578,23.168132563187058,22.608740685421974,22.70197296142578,7441498,0.0,0.0
2021-06-22 00:00:00+08:00,22.701970432721087,22.888433185701416,22.375658392183567,22.422273635864258,6596040,0.0,0.0
2021-06-23 00:00:00+08:00,22.4222753077638,22.841819645203266,22.18919551546581,22.608739852905273,6537531,0.0,0.0
2021-06-24 00:00:00+08:00,22.701970347062993,23.07489762987409,22.655353325300634,22.84181785583496,5013438,0.0,0.0
2021-06-25 00:00:00+08:00,23.121513748938174,24.100449903927153,23.121513748938174,23.82075309753418,8342557,0.0,0.0
2021-06-28 00:00:00+08:00,23.86737230055973,24.193684382020578,23.307980414949387,23.401212692260742,3279295,0.0,0.0
2021-06-29 00:00:00+08:00,23.21474754899517,23.77413942042134,23.028284777358273,23.12151527404785,4226147,0.0,0.0
2021-06-30 00:00:00+08:00,23.214745138646062,23.447824912685192,22.748585590567796,22.84181785583496,2962900,0.0,0.0
2021-07-02 00:00:00+08:00,22.282426126564623,22.46889065780251,21.90949884234641,22.422273635864258,9401742,0.0,0.0
2021-07-05 00:00:00+08:00,22.142577570448495,22.60873709824741,22.142577570448495,22.515504837036133,2320542,0.0,0.0
2021-07-06 00:00:00+08:00,22.60873709824741,22.65535233972431,22.235809831659772,22.515504837036133,4042900,0.0,0.0
2021-07-07 00:00:00+08:00,22.4222753077638,22.655355100061794,22.14258026830929,22.608739852905273,6460467,0.0,0.0
2021-07-08 00:00:00+08:00,22.562122421829326,22.795202191566165,21.956113597907517,22.142578125,5844971,0.0,0.0
2021-07-09 00:00:00+08:00,22.142578833910104,22.189194078046885,21.62980403537522,22.002731323242188,6568295,0.0,0.0
2021-07-12 00:00:00+08:00,22.00273075700852,22.42227327821547,21.862883249939536,22.37565803527832,11284211,0.0,0.0
2021-07-13 00:00:00+08:00,22.748585093170473,22.93504961962776,22.235810312799213,22.562122344970703,8841665,0.0,0.0
2021-07-14 00:00:00+08:00,22.608737032840125,23.26136108117355,22.37565726961497,22.935049057006836,4831883,0.0,0.0
2021-07-15 00:00:00+08:00,22.93505276230642,23.028285038310226,22.42227613341436,22.70197296142578,6987190,0.0,0.0
2021-07-16 00:00:00+08:00,22.701970347062993,23.307977403913224,22.4222735512615,22.84181785583496,5455683,0.0,0.0
2021-07-19 00:00:00+08:00,22.795201620669967,22.795201620669967,22.375657334347952,22.515504837036133,16261265,0.0,0.0
2021-07-20 00:00:00+08:00,22.515505324227625,22.795202113913554,22.282425555284778,22.562122344970703,2560709,0.0,0.0
2021-07-21 00:00:00+08:00,22.42227613341436,22.795205237429588,22.282428608537526,22.70197296142578,14269522,0.0,0.0
2021-07-22 00:00:00+08:00,22.74858581231856,23.074897854805712,22.608738302183372,22.655353546142578,5012578,0.0,0.0
2021-07-23 00:00:00+08:00,22.655352829941833,22.655352829941833,22.189193292056135,22.562122344970703,5331018,0.0,0.0
2021-07-26 00:00:00+08:00,22.18919563293457,22.37566017906318,21.90950059199936,22.18919563293457,6520765,0.0,0.0
2021-07-27 00:00:00+08:00,22.562123474306663,22.841818499735073,20.883947986963403,21.163644790649414,14163724,0.0,0.0
2021-07-28 00:00:00+08:00,21.396726958841814,21.676422015480373,21.163647152223746,21.443342208862305,15820355,0.0,0.0
2021-07-29 00:00:00+08:00,21.44334028246893,21.44334028246893,19.81178178271586,20.79071617126465,28447093,0.0,0.0
2021-07-30 00:00:00+08:00,20.27794230490329,20.69748665010093,19.57870291507904,20.231327056884766,16705818,0.0,0.0
2021-08-02 00:00:00+08:00,20.231327056884766,20.37117457919807,19.392238366489483,20.231327056884766,12903756,0.0,0.0
2021-08-03 00:00:00+08:00,19.998247607981106,20.4177901822155,19.67193553140474,20.277942657470703,6522894,0.0,0.0
2021-08-04 00:00:00+08:00,20.231326093449507,20.27794133924817,19.765166522432306,19.905014038085938,5726118,0.0,0.0
2021-08-05 00:00:00+08:00,19.905013058593404,19.99824532386057,19.485468754019944,19.57870101928711,6999285,0.0,0.0
2021-08-06 00:00:00+08:00,19.57870185854398,19.811781642574264,19.20577455974705,19.671934127807617,3778466,0.0,0.0
2021-08-09 00:00:00+08:00,19.252390269711942,19.99824666355714,19.252390269711942,19.951629638671875,3903921,0.0,0.0
2021-08-10 00:00:00+08:00,19.8583956093201,20.41778741062296,19.671932861057492,20.184707641601562,5223991,0.0,0.0
2021-08-11 00:00:00+08:00,19.765165466204728,20.04486048256541,19.625316179766838,19.998245239257812,5165503,0.0,0.0
2021-08-12 00:00:00+08:00,19.765167939219815,20.091478239716,19.67193566268186,19.8583984375,4803541,0.0,0.0
2021-08-13 00:00:00+08:00,19.57870101928711,19.905013058593404,19.29900600174317,19.57870101928711,5011646,0.0,0.0
2021-08-16 00:00:00+08:00,19.57870198272237,19.998246307940907,19.532086736923706,19.905014038085938,3608042,0.0,0.0
2021-08-17 00:00:00+08:00,20.138093061968416,20.138093061968416,19.299006221523392,19.392236709594727,6115309,0.0,0.0
2021-08-18 00:00:00+08:00,19.29900600174317,19.858396036831046,19.29900600174317,19.57870101928711,3123122,0.0,0.0
2021-08-19 00:00:00+08:00,19.71854884193832,19.71854884193832,18.571796762193635,18.739614486694336,6842048,0.0,0.0
2021-08-20 00:00:00+08:00,18.739613423252283,18.832845684712737,18.14292801685986,18.236160278320312,7441588,0.0,0.0
2021-08-23 00:00:00+08:00,18.646381161791826,18.692996403393316,18.12428298717375,18.236160278320312,6169735,0.0,0.0
2021-08-24 00:00:00+08:00,18.236162952131114,18.32939522726141,17.97511471567557,18.273456573486328,11175187,0.0,0.0
2021-08-25 00:00:00+08:00,18.18022009875892,18.832844095658324,18.18022009875892,18.403976440429688,10876895,0.0,0.0
2021-08-26 00:00:00+08:00,18.348042214631807,18.553151799287484,17.863235801891737,18.03105354309082,8794003,0.0,0.0
2021-08-27 00:00:00+08:00,17.900526275434824,18.25480672812499,17.900526275434824,18.068342208862305,9357994,0.0,0.0
2021-08-30 00:00:00+08:00,17.90052696611374,18.08698971431351,17.71406243965646,18.049697875976562,5789432,0.0,0.0
2021-08-31 00:00:00+08:00,17.73271181218353,18.198871417478003,17.564894069756278,18.14293098449707,20211218,0.0,0.0
2021-09-01 00:00:00+08:00,18.049699684800302,18.42262699682971,17.881881949822645,18.348041534423828,20039785,0.0,0.0
2021-09-02 00:00:00+08:00,18.385333376497922,18.53450430130969,18.142930179114384,18.348041534423828,6120800,0.0,0.0
2021-09-03 00:00:00+08:00,18.273456072017947,18.478565649069697,17.99375925430262,18.348041534423828,9781088,0.0,0.0
2021-09-06 00:00:00+08:00,18.12428367905173,18.69299711698141,18.12428367905173,18.571796417236328,5080523,0.0,0.0
2021-09-07 00:00:00+08:00,18.459919658357933,18.515860091338862,18.08699232977391,18.14293098449707,3543592,0.0,0.0
2021-09-08 00:00:00+08:00,17.919174587346657,18.161577795490714,17.919174587346657,18.14293098449707,6067339,0.0,0.0
2021-09-09 00:00:00+08:00,17.919172212427533,17.95646582947211,17.41572083012852,17.508953094482422,7518099,0.0,0.0
2021-09-10 00:00:00+08:00,17.602184142297137,17.937819593378922,17.285197278590292,17.844587326049805,10685943,0.0,0.0
2021-09-13 00:00:00+08:00,17.807293765176,17.86323240886452,17.11737789882615,17.30384063720703,7795964,0.0,0.0
2021-09-14 00:00:00+08:00,17.3038443870118,17.602186255678898,17.21061210848888,17.247905731201172,7684873,0.0,0.0
2021-09-15 00:00:00+08:00,17.30384155115855,17.564891532588785,16.949561084742346,17.098731994628906,8226397,0.0,0.0
2021-09-16 00:00:00+08:00,17.43436651015681,17.676767892226216,17.080084284195518,17.30384063720703,6358372,0.0,0.0
2021-09-17 00:00:00+08:00,17.303843054155685,17.881881713867188,17.24790440265382,17.881881713867188,11890746,0.0,0.0
2021-09-20 00:00:00+08:00,17.714063573922093,17.863234493336616,17.546245845016347,17.658124923706055,5438697,0.0,0.0
2021-09-21 00:00:00+08:00,17.52759966920193,17.825943297074648,17.322490092156023,17.695417404174805,4751562,0.0,0.0
2021-09-23 00:00:00+08:00,17.91917298517036,18.04969887219761,17.546245689930245,17.900527954101562,8292040,0.0,0.0
2021-09-24 00:00:00+08:00,17.900528592844427,18.16157681969866,17.8072963211432,17.937820434570312,8279334,0.0,0.0
2021-09-27 00:00:00+08:00,17.97511200585779,18.422624725109646,17.8259410994405,18.180221557617188,11418994,0.0,0.0
2021-09-28 00:00:00+08:00,18.198870777459977,18.29210305089163,17.937820767502885,18.10563850402832,8298722,0.0,0.0
2021-09-29 00:00:00+08:00,17.881881530799394,18.515858835522344,17.80729607014126,18.478565216064453,5762421,0.0,0.0
2021-09-30 00:00:00+08:00,18.366684605946556,18.571794141247096,18.23615873961228,18.403976440429688,9530586,0.0,0.0
2021-10-04 00:00:00+08:00,18.366687914206082,18.739615217496745,18.14292975397403,18.478565216064453,7680543,0.0,0.0
2021-10-05 00:00:00+08:00,18.254809165396182,18.83284782968076,18.217517323519132,18.64638328552246,17779216,0.0,0.0
2021-10-06 00:00:00+08:00,18.64638187360043,18.83284640363945,18.329393239488617,18.571796417236328,7627874,0.0,0.0
2021-10-07 00:00:00+08:00,18.87946260705283,19.392237423348742,18.739615091541005,19.252389907836914,6521900,0.0,0.0
2021-10-08 00:00:00+08:00,19.252389420922512,19.765166002507367,18.92607737414262,18.972694396972656,4415592,0.0,0.0
2021-10-11 00:00:00+08:00,19.065926531194858,19.299006308944147,18.60908860193958,18.739614486694336,7092788,0.0,0.0
2021-10-12 00:00:00+08:00,18.497210257855365,18.926076171084798,18.049697536679222,18.83284568786621,25503345,0.0,0.0
2021-10-15 00:00:00+08:00,18.646381667520142,18.646381667520142,17.993757597853925,18.161575317382812,22168165,0.0,0.0
2021-10-18 00:00:00+08:00,18.16157681969866,18.16157681969866,17.63947858773252,17.937820434570312,4349939,0.0,0.0
2021-10-19 00:00:00+08:00,17.937818664518474,18.40397819876768,17.937818664518474,18.29210090637207,15005492,0.0,0.0
2021-10-20 00:00:00+08:00,18.78622707973275,18.78622707973275,18.18022009875892,18.403976440429688,4676781,0.0,0.0
2021-10-21 00:00:00+08:00,18.32939489330967,18.366688513985412,17.937820767502885,18.10563850402832,10276521,0.0,0.0
2021-10-22 00:00:00+08:00,17.993757247924805,18.142928156103398,17.900526764006305,17.993757247924805,4675776,0.0,0.0
2021-10-25 00:00:00+08:00,17.975110886053297,17.975110886053297,17.28519504228901,17.322486877441406,12549387,0.0,0.0
2021-10-26 00:00:00+08:00,17.434367907361146,18.786229537427158,17.341135641570286,17.975112915039062,20127866,0.0,0.0
2021-10-27 00:00:00+08:00,17.751354784255994,18.03104977564252,17.71406117033385,17.732707977294922,7496150,0.0,0.0
2021-10-28 00:00:00+08:00,17.900528220212408,19.671934232630033,17.564892760377912,19.252389907836914,27098945,0.0,0.0
2021-10-29 00:00:00+08:00,19.625316179766838,20.2779402556185,19.06592614704547,19.998245239257812,16017300,0.0,0.0
2021-11-01 00:00:00+08:00,19.99824666355714,20.184709428325185,19.578702330878112,19.951629638671875,7518777,0.0,0.0
2021-11-02 00:00:00+08:00,20.23132596513183,20.23132596513183,19.57870185854398,19.671934127807617,5459889,0.0,0.0
2021-11-03 00:00:00+08:00,19.671932433231486,19.671932433231486,18.926076121629418,19.4854679107666,7172234,0.0,0.0
2021-11-04 00:00:00+08:00,19.858395177438897,20.371171725088594,19.25238814681423,19.4854679107666,6416513,0.0,0.0
2021-11-05 00:00:00+08:00,19.25238933027656,19.765165909447116,19.06592657460711,19.625316619873047,4519287,0.0,0.0
2021-11-08 00:00:00+08:00,19.671935930264336,19.858398707618786,19.205776319491523,19.43885612487793,4158419,0.0,0.0
2021-11-09 00:00:00+08:00,19.625317208621,19.71854947838143,18.97269487681326,19.252389907836914,2145646,0.0,0.0
2021-11-10 00:00:00+08:00,19.299006221523392,19.392236709594727,18.590443486984295,19.392236709594727,6757726,0.0,0.0
2021-11-11 00:00:00+08:00,19.06592679432289,19.299006575288903,18.83284701335688,19.205774307250977,5238133,0.0,0.0
2021-11-12 00:00:00+08:00,19.019310715509953,19.905014638460255,19.019310715509953,19.532087326049805,4373845,0.0,0.0
2021-11-15 00:00:00+08:00,19.951627586726914,19.998244606817806,19.392235793438637,19.718547821044922,2134825,0.0,0.0
2021-11-16 00:00:00+08:00,19.718548444639584,20.2313250123109,19.671933201331985,19.998245239257812,4079448,0.0,0.0
2021-11-17 00:00:00+08:00,19.8583985443087,20.09147834777832,19.578703491448262,20.09147834777832,2797033,0.0,0.0
2021-11-18 00:00:00+08:00,20.044860343398316,20.13809260762377,19.578700800528587,19.765165328979492,2782160,0.0,0.0
2021-11-19 00:00:00+08:00,19.578700881406487,19.62531612458301,19.159156579787616,19.34562110900879,2927173,0.0,0.0
2021-11-22 00:00:00+08:00,19.345623847071806,19.53208840268405,18.972696514105113,19.43885612487793,3232500,0.0,0.0
2021-11-23 00:00:00+08:00,19.345621820179062,19.345621820179062,19.06592679432289,19.205774307250977,2514644,0.0,0.0
2021-11-24 00:00:00+08:00,19.25238814681423,19.625315413486526,19.205772905326747,19.4854679107666,5180372,0.0,0.0
2021-11-25 00:00:00+08:00,19.578700372795705,19.811780139138513,18.97269333595591,19.06592559814453,3236912,0.0,0.0
2021-11-26 00:00:00+08:00,19.065926531194858,19.065926531194858,18.217516282448052,18.739614486694336,15895023,0.0,0.0
2021-11-29 00:00:00+08:00,18.83284568786621,18.97269319095157,18.385331188432588,18.83284568786621,4063441,0.0,0.0
2021-11-30 00:00:00+08:00,18.55314933211166,18.60908797898678,18.10563660059566,18.459917068481445,9385505,0.0,0.0
2021-12-01 00:00:00+08:00,18.236162619878012,18.40398035640345,17.78864984131532,18.10563850402832,12990618,0.0,0.0
2021-12-02 00:00:00+08:00,17.9378213983403,18.273456883194807,17.900529554610785,18.14293098449707,7820467,0.0,0.0
2021-12-03 00:00:00+08:00,18.105636104408543,18.27345381869236,17.863232936916084,18.180221557617188,7847194,0.0,0.0
2021-12-06 00:00:00+08:00,18.45991713954193,18.832846195498355,18.124283478741685,18.161575317382812,4544283,0.0,0.0
2021-12-07 00:00:00+08:00,18.161577236937635,18.6929988861084,18.012406310091727,18.6929988861084,3727293,0.0,0.0
2021-12-08 00:00:00+08:00,18.646383638315697,18.73961591215882,18.34804178462388,18.6929988861084,3641470,0.0,0.0
2021-12-09 00:00:00+08:00,18.832846536826747,19.48546884006363,18.832846536826747,19.159156799316406,5358752,0.0,0.0
2021-12-10 00:00:00+08:00,18.879462258247038,19.252389552141135,18.879462258247038,19.205774307250977,4604432,0.0,0.0
2021-12-13 00:00:00+08:00,19.43885616226931,19.43885616226931,18.739616744765076,18.786231994628906,5092002,0.0,0.0
2021-12-14 00:00:00+08:00,18.78622938064767,19.29900594908927,18.646381872257248,18.926076889038086,5539459,0.0,0.0
2021-12-15 00:00:00+08:00,19.01930942253667,19.438853731887967,18.879461912172093,19.392236709594727,4697954,0.0,0.0
2021-12-16 00:00:00+08:00,19.252388487852116,19.485468255933274,19.112540982654924,19.29900550842285,6294418,0.0,0.0
2021-12-17 00:00:00+08:00,19.485469712867403,19.905014038085938,19.29900695141511,19.905014038085938,8685601,0.0,0.0
2021-12-20 00:00:00+08:00,19.578701242252542,19.718548752617117,19.205773955194484,19.392236709594727,4941495,0.0,0.0
2021-12-21 00:00:00+08:00,19.43885612487793,19.671935930264336,19.299008597297643,19.43885612487793,3541239,0.0,0.0
2021-12-22 00:00:00+08:00,19.205774085923597,19.718548886836565,18.926077285033042,19.625316619873047,6382059,0.0,0.0
2021-12-23 00:00:00+08:00,19.485468754019944,19.765165549821436,19.205773736476008,19.57870101928711,2246901,0.0,0.0
2021-12-24 00:00:00+08:00,19.67193328455427,19.765165549821436,19.485468754019944,19.57870101928711,431813,0.0,0.0
2021-12-28 00:00:00+08:00,19.578700800528587,19.905012836188902,19.485468536303134,19.765165328979492,2648226,0.0,0.0
2021-12-29 00:00:00+08:00,19.76516469446393,19.76516469446393,19.205772905326747,19.4854679107666,1818046,0.0,0.0
2021-12-30 00:00:00+08:00,19.392237065069224,19.43885408821699,19.019309771175124,19.205774307250977,3339874,0.0,0.0
2021-12-31 00:00:00+08:00,19.485468110607084,19.671932634984326,18.926076315732853,19.06592559814453,4185035,0.0,0.0
2022-01-03 00:00:00+08:00,19.06592679432289,19.671933869183004,19.019309771175124,19.205774307250977,3323241,0.0,0.0
2022-01-04 00:00:00+08:00,19.392236435844517,19.392236435844517,18.441272311835135,18.926076889038086,4884620,0.0,0.0
2022-01-05 00:00:00+08:00,18.739616744765076,19.065928828585278,18.53450537754551,18.786231994628906,4110913,0.0,0.0
2022-01-06 00:00:00+08:00,19.112541908947584,19.112541908947584,18.590443701054312,18.972694396972656,3993755,0.0,0.0
2022-01-07 00:00:00+08:00,18.92607820854577,19.99824666355714,18.832847715290587,19.951629638671875,10269682,0.0,0.0
2022-01-10 00:00:00+08:00,19.95162830209821,20.277940341404506,19.532085775782303,19.57870101928711,6252441,0.0,0.0
2022-01-11 00:00:00+08:00,19.532086717118208,19.71854947838143,19.20577466208552,19.252389907836914,5249330,0.0,0.0
2022-01-12 00:00:00+08:00,19.29900550842285,19.392235993049308,19.019308719770958,19.29900550842285,5143826,0.0,0.0
2022-01-13 00:00:00+08:00,19.345620458598358,19.345620458598358,18.739613426390147,18.83284568786621,5701024,0.0,0.0
2022-01-14 00:00:00+08:00,18.646382219943106,18.879461997692395,18.236161313192234,18.739614486694336,10826231,0.0,0.0
2022-01-17 00:00:00+08:00,18.73961464053903,18.73961464053903,18.348040539575255,18.497211456298828,5059286,0.0,0.0
2022-01-18 00:00:00+08:00,18.47856457550322,18.590443651740944,17.993758208902392,18.441272735595703,8496408,0.0,0.0
2022-01-19 00:00:00+08:00,18.47856415359968,18.59044322728298,18.08699006309447,18.21751594543457,7680164,0.0,0.0
2022-01-20 00:00:00+08:00,18.273454036927493,19.112540840110093,18.236160420749044,19.06592559814453,8595341,0.0,0.0
2022-01-21 00:00:00+08:00,19.065927044980402,20.13809369586819,19.065927044980402,19.671934127807617,9562881,0.0,0.0
2022-01-24 00:00:00+08:00,19.95162940749904,20.231326218796866,19.858397137066433,20.138093948364258,11696855,0.0,0.0
2022-01-25 00:00:00+08:00,19.765168045527073,20.13809537542691,19.53208824205745,20.09147834777832,11421400,0.0,0.0
2022-01-26 00:00:00+08:00,20.044860274517116,20.88394709314772,20.044860274517116,20.417787551879883,11363528,0.0,0.0
2022-01-27 00:00:00+08:00,20.231326218796866,20.417788981404428,19.95162940749904,20.138093948364258,7895770,0.0,0.0
2022-01-28 00:00:00+08:00,20.2313250123109,20.3245554989261,19.625316179766838,19.998245239257812,9315312,0.0,0.0
2022-01-31 00:00:00+08:00,19.159156799316406,19.159156799316406,19.159156799316406,19.159156799316406,0,0.0,0.0
2022-02-04 00:00:00+08:00,19.392237563161046,20.231326218796866,19.29900707098609,20.138093948364258,6588610,0.0,0.0
2022-02-07 00:00:00+08:00,20.138094782589988,20.27794230490329,19.718550437392345,20.231327056884766,4628600,0.0,0.0
2022-02-08 00:00:00+08:00,20.231326453210453,20.604253761004216,19.905014392044283,19.951629638671875,5015261,0.0,0.0
2022-02-09 00:00:00+08:00,19.951628010612044,20.511019815784955,19.951628010612044,20.417787551879883,4113196,0.0,0.0
2022-02-10 00:00:00+08:00,20.37117209340574,20.650867103902566,20.138092325239217,20.604251861572266,4203421,0.0,0.0
2022-02-11 00:00:00+08:00,20.650867862797377,21.396724215294096,20.23132533163445,21.350107192993164,8667426,0.0,0.0
2022-02-14 00:00:00+08:00,21.396723509738532,21.769650784560852,21.163643740692393,21.489953994750977,9836280,0.0,0.0
2022-02-15 00:00:00+08:00,21.303491592407227,21.48995434371752,21.117027062839387,21.303491592407227,6347406,0.0,0.0
2022-02-16 00:00:00+08:00,21.443338891658502,21.816266168905404,21.39672364884921,21.723033905029297,4431000,0.0,0.0
2022-02-17 00:00:00+08:00,21.76965163711381,21.862883904034973,21.396724347686742,21.583187103271484,5269220,0.0,0.0
2022-02-18 00:00:00+08:00,21.629805683670064,21.909500726319997,21.48995638408738,21.53657341003418,6740564,0.0,0.0
2022-02-21 00:00:00+08:00,21.396726608276367,21.629806411075638,21.163646805477093,21.396726608276367,2748417,0.0,0.0
2022-02-22 00:00:00+08:00,20.69748753898761,21.583189737181588,20.69748753898761,21.443342208862305,9148756,0.0,0.0
2022-02-23 00:00:00+08:00,21.350106835670413,21.44333910045433,20.51102000913023,21.303491592407227,6656787,0.0,0.0
2022-02-24 00:00:00+08:00,21.76965249668415,22.79520391679546,21.350108168102086,22.329044342041016,48197035,0.0,0.0
2022-02-25 00:00:00+08:00,22.701971306847426,23.447825904002556,22.51550676842983,23.16813087463379,14528727,0.0,0.0
2022-02-28 00:00:00+08:00,23.214746957228513,23.214746957228513,22.515507580334535,22.608739852905273,8574143,0.0,0.0
2022-03-01 00:00:00+08:00,22.608737032840125,23.494440844398707,22.562121791498083,22.935049057006836,16851978,0.0,0.0
2022-03-02 00:00:00+08:00,22.84181785583496,23.028282386369288,22.515505816528663,22.84181785583496,11312523,0.0,0.0
2022-03-03 00:00:00+08:00,22.981668333488543,23.58767546862567,22.981668333488543,23.401212692260742,17551995,0.0,0.0
2022-03-04 00:00:00+08:00,23.634292496410236,23.680907745937024,23.16813288811125,23.401212692260742,12967360,0.0,0.0
2022-03-07 00:00:00+08:00,22.981664364835048,22.981664364835048,22.189192811925395,22.515504837036133,9055770,0.0,0.0
2022-03-08 00:00:00+08:00,22.23581032265313,22.748585103251628,21.117026719928656,21.489953994750977,15323748,0.0,0.0
2022-03-09 00:00:00+08:00,21.723033829969413,21.816266093523375,20.511019738540483,20.837331771850586,14866825,0.0,0.0
2022-03-10 00:00:00+08:00,21.256874514252804,21.35010677878833,20.18470791773812,20.650867462158203,23413276,0.0,0.0
2022-03-11 00:00:00+08:00,19.85839621914314,20.557635547679975,19.532085955098673,20.464405059814453,21011690,0.0,0.0
2022-03-14 00:00:00+08:00,20.324554705343637,20.324554705343637,18.879460880141934,19.4854679107666,20104000,0.0,0.0
2022-03-15 00:00:00+08:00,19.252390750909413,19.299007776959833,18.180224047357804,18.6929988861084,18723731,0.0,0.0
2022-03-16 00:00:00+08:00,19.34562133067412,19.7651656371002,18.553149739790175,19.159156799316406,15352047,0.0,0.0
2022-03-17 00:00:00+08:00,19.392236071277306,20.184707641601562,19.15915630225591,20.184707641601562,22157234,0.0,0.0
2022-03-18 00:00:00+08:00,20.184707641601562,20.650867179644358,19.48546833453737,20.184707641601562,13915776,0.0,0.0
2022-03-21 00:00:00+08:00,20.51102112475677,20.51102112475677,19.718549498376003,19.905014038085938,8387088,0.0,0.0
2022-03-22 00:00:00+08:00,20.2313250123109,20.511020028671584,19.765165466204728,19.998245239257812,4811808,0.0,0.0
2022-03-23 00:00:00+08:00,19.998245100414355,20.32455535781714,19.578700800528587,19.765165328979492,9008419,0.0,0.0
2022-03-24 00:00:00+08:00,19.76516469446393,19.95162743867134,19.019308382861862,19.4854679107666,12092273,0.0,0.0
2022-03-25 00:00:00+08:00,19.485468700857314,19.625316209247732,18.60908825494911,18.926076889038086,17216447,0.0,0.0
2022-03-28 00:00:00+08:00,18.926078323502225,18.926078323502225,18.105638241372617,18.64638328552246,15330443,0.0,0.0
2022-03-29 00:00:00+08:00,19.019308794196586,19.112541057445384,18.609087902856388,18.87946128845215,5880392,0.0,0.0
2022-03-30 00:00:00+08:00,19.112541471208843,19.765165549821436,19.112541471208843,19.57870101928711,9766533,0.0,0.0
2022-03-31 00:00:00+08:00,19.578703652458216,19.62531890223238,19.299008597297643,19.43885612487793,9547283,0.0,0.0
2022-04-01 00:00:00+08:00,19.112540785923244,19.765164841135814,19.01930852399895,19.718547821044922,16645576,0.0,0.0
2022-04-04 00:00:00+08:00,19.62531561476127,19.765164897172948,19.01930857792147,19.06592559814453,9910230,0.0,0.0
2022-04-06 00:00:00+08:00,18.972694752113583,19.252389781298913,18.57179723955901,19.019309997558594,9946968,0.0,0.0
2022-04-07 00:00:00+08:00,18.739613632469506,18.83284589497085,17.90052682647244,18.29210090637207,14407153,0.0,0.0
2022-04-08 00:00:00+08:00,18.366688247542697,18.692998532433194,18.217517323519132,18.64638328552246,12412789,0.0,0.0
2022-04-11 00:00:00+08:00,18.646384211778827,18.646384211778827,17.82594408889398,18.14293098449707,12146098,0.0,0.0
2022-04-12 00:00:00+08:00,18.049698293416977,19.299006026104333,17.97511283676061,18.627735137939453,18331744,0.0,0.0
2022-04-13 00:00:00+08:00,18.627737655530968,19.065928828585278,18.292103944344234,18.786231994628906,8394785,0.0,0.0
2022-04-14 00:00:00+08:00,18.73961496837326,19.39223729589158,18.73961496837326,19.019309997558594,7413692,0.0,0.0
2022-04-19 00:00:00+08:00,18.497210960872227,18.83284640363945,18.36668685679944,18.571796417236328,4342114,0.0,0.0
2022-04-20 00:00:00+08:00,18.478564150885724,19.392236435844517,18.422625503181067,18.926076889038086,8847649,0.0,0.0
2022-04-21 00:00:00+08:00,18.92607772841094,19.15915751215126,18.646382699225608,19.019309997558594,4476079,0.0,0.0
2022-04-22 00:00:00+08:00,18.646382005469032,19.299006086963473,18.385332017219746,19.159156799316406,6696326,0.0,0.0
2022-04-25 00:00:00+08:00,18.64638159574187,19.20577339926563,18.32939296635366,18.459917068481445,7280616,0.0,0.0
2022-04-26 00:00:00+08:00,18.646382516301333,18.972694565988128,18.385332520900377,18.609088897705078,7140934,0.0,0.0
2022-04-27 00:00:00+08:00,18.44127370955448,19.112542867660522,18.366688247542697,18.64638328552246,8173585,0.0,0.0
2022-04-28 00:00:00+08:00,18.55315003357584,18.692997545179804,18.292101819450462,18.441272735595703,5262834,0.0,0.0
2022-04-29 00:00:00+08:00,18.441272735595703,18.609088682565908,18.105637285140116,18.441272735595703,8703920,0.0,0.0
2022-05-03 00:00:00+08:00,18.44127553339144,18.87946494376526,18.329396440180115,18.59044647216797,7333124,0.0,0.0
2022-05-04 00:00:00+08:00,18.571796566537238,18.69299726725667,18.236161121071802,18.32939338684082,5814918,0.0,0.0
2022-05-05 00:00:00+08:00,18.879461697169713,20.417787850176474,18.73961418839774,19.57870101928711,20936577,0.0,0.0
2022-05-06 00:00:00+08:00,19.252391272778837,19.29900830009289,18.01240679834922,18.086992263793945,16879613,0.0,0.0
2022-05-10 00:00:00+08:00,17.54624452338902,18.180221772276795,17.26654951511853,17.993757247924805,11226610,0.0,0.0
2022-05-11 00:00:00+08:00,17.881881117654196,18.83284705276739,17.807295658719298,18.609088897705078,13003341,0.0,0.0
2022-05-12 00:00:00+08:00,18.422626565135268,18.739615217496745,18.273455643819002,18.478565216064453,6244888,0.0,0.0
2022-05-13 00:00:00+08:00,18.83284690805566,18.83284690805566,18.27345508121347,18.497211456298828,6309409,0.0,0.0
2022-05-16 00:00:00+08:00,18.569678851145767,18.739523760108668,18.305475459454765,18.53193473815918,5034806,0.2368,0.0
2022-05-17 00:00:00+08:00,18.456447092871716,19.013160124484266,18.456447092871716,18.701778411865234,6324119,0.0,0.0
2022-05-18 00:00:00+08:00,18.701778411865234,18.852751254363053,18.569677624614204,18.701778411865234,5603931,0.0,0.0
2022-05-19 00:00:00+08:00,18.267732692581493,18.41870554130214,17.77707003437023,18.079015731811523,8977497,0.0,0.0
2022-05-20 00:00:00+08:00,18.26773253187429,19.01316074090742,18.17337405231941,18.91880226135254,19025465,0.0,0.0
2022-05-23 00:00:00+08:00,18.79613812985018,18.918802897579855,18.475320368417666,18.53193473815918,6070063,0.0,0.0
2022-05-24 00:00:00+08:00,18.682906597988502,18.682906597988502,18.229988064643653,18.3243465423584,3795835,0.0,0.0
2022-05-25 00:00:00+08:00,18.475318216819833,18.494190271115325,18.135628438453605,18.30547332763672,3152224,0.0,0.0
2022-05-26 00:00:00+08:00,18.47532032779867,18.47532032779867,18.022401771385606,18.11676025390625,4231186,0.0,0.0
2022-05-27 00:00:00+08:00,18.399831991812245,18.91880089219886,18.324345573578952,18.72064971923828,6172912,0.0,0.0
2022-05-30 00:00:00+08:00,18.852751761490264,19.343414412675816,18.81500944971969,19.20187759399414,7554181,0.0,0.0
2022-05-31 00:00:00+08:00,19.201877319039372,19.720846246687085,19.201877319039372,19.673667907714844,12860857,0.0,0.0
2022-06-01 00:00:00+08:00,19.67366938989323,20.38135532622221,19.57931090510169,20.286996841430664,10599056,0.0,0.0
2022-06-02 00:00:00+08:00,20.28699487125397,20.570068498399433,20.09827791999818,20.475711822509766,7433670,0.0,0.0
2022-06-06 00:00:00+08:00,20.758787043358986,20.947504009103053,19.95674263855426,20.90032386779785,10303283,0.0,0.0
2022-06-07 00:00:00+08:00,20.900321990632566,21.041858802359283,20.428531418384704,20.80596351623535,7938022,0.0,0.0
2022-06-08 00:00:00+08:00,20.805965274386715,21.324936027556493,20.570069968329097,21.041860580444336,8835088,0.0,0.0
2022-06-09 00:00:00+08:00,20.994680731954578,20.994680731954578,20.14545805105912,20.33417320251465,12794241,0.0,0.0
2022-06-10 00:00:00+08:00,20.334173336329762,20.3813534743078,19.90956289295687,20.098278045654297,5461437,0.0,0.0
2022-06-13 00:00:00+08:00,19.720848244875253,19.720848244875253,19.013162290156725,19.484952926635742,10947682,0.0,0.0
2022-06-14 00:00:00+08:00,18.871625532286828,19.484953002138457,18.79613910214722,19.437774658203125,5406069,0.0,0.0
2022-06-15 00:00:00+08:00,19.06034074091812,19.579309675060554,18.96598226205451,19.296236038208008,7837887,0.0,0.0
2022-06-16 00:00:00+08:00,19.296236073028023,19.62648805003917,19.013160635926376,19.20187759399414,4582629,0.0,0.0
2022-06-17 00:00:00+08:00,19.201879545753783,19.48495321188993,18.871625735435956,19.107521057128906,8191165,0.0,0.0
2022-06-20 00:00:00+08:00,19.107520808988532,19.626489790078022,18.96598397775853,19.532133102416992,5181281,0.0,0.0
2022-06-21 00:00:00+08:00,19.437772580467374,19.909563168344068,19.437772580467374,19.76802635192871,2359516,0.0,0.0
2022-06-22 00:00:00+08:00,19.76802656009634,20.051100195907964,19.296235967251448,19.343414306640625,4359353,0.0,0.0
2022-06-23 00:00:00+08:00,19.768026179347636,20.003921471226544,19.43777241076952,19.956741333007812,7572028,0.0,0.0
2022-06-24 00:00:00+08:00,20.098279248327895,21.419294394950146,20.098279248327895,21.324935913085938,15553696,0.0,0.0
2022-06-27 00:00:00+08:00,21.46647281249034,21.702368118122102,20.90032371902644,21.136219024658203,8238920,0.0,0.0
2022-06-28 00:00:00+08:00,21.230578841500147,22.07980163521246,21.04186186523587,22.032623291015625,8907264,0.0,0.0
2022-06-29 00:00:00+08:00,21.98544153581442,22.07980001703123,21.46647258872948,21.56083106994629,9633504,0.0,0.0
2022-06-30 00:00:00+08:00,21.37211372011618,22.457231735094496,21.32493538023211,22.174158096313477,18129964,0.0,0.0
2022-07-04 00:00:00+08:00,21.702367674699747,21.985441315778765,21.41929403362073,21.843904495239258,8146576,0.0,0.0
2022-07-05 00:00:00+08:00,22.174158276323656,22.457231917402673,21.56083085416024,21.843904495239258,5039183,0.0,0.0
2022-07-06 00:00:00+08:00,21.702367856288973,21.891084818412903,21.136218769655507,21.51365089416504,10283790,0.0,0.0
2022-07-07 00:00:00+08:00,21.51365067879419,21.985441279642647,20.9475033975667,21.938262939453125,10138805,0.0,0.0
2022-07-08 00:00:00+08:00,22.12698000897944,22.221336689824536,21.560830925217257,21.79672622680664,4349510,0.0,0.0
2022-07-11 00:00:00+08:00,21.60800955894022,21.6551896997415,21.277755772284657,21.324935913085938,4422181,0.0,0.0
2022-07-12 00:00:00+08:00,21.27775389843155,21.372112371985956,20.900321803952103,21.230575561523438,8536263,0.0,0.0
2022-07-13 00:00:00+08:00,20.94750200831136,21.41929257787028,20.853143534451934,21.18339729309082,9076335,0.0,0.0
2022-07-14 00:00:00+08:00,21.23057563015143,21.608007725850932,21.041858682432586,21.18339729309082,4328993,0.0,0.0
2022-07-15 00:00:00+08:00,21.136219024658203,21.46647281249034,20.994682201226816,21.136219024658203,5463441,0.0,0.0
2022-07-18 00:00:00+08:00,21.041858682432586,21.41929257787028,20.805963397653127,21.18339729309082,5893216,0.0,0.0
2022-07-19 00:00:00+08:00,21.13621920989539,21.2777560345672,20.80596541916892,20.9475040435791,4678121,0.0,0.0
2022-07-20 00:00:00+08:00,21.089040683427193,21.41929447125933,20.994682201226816,21.136219024658203,4576144,0.0,0.0
2022-07-21 00:00:00+08:00,21.136220763825083,21.608011413909296,20.9475055836345,21.372116088867188,5086840,0.0,0.0
2022-07-22 00:00:00+08:00,21.51365089416504,21.938263159074722,21.324935731779437,21.51365089416504,7259805,0.0,0.0
2022-07-25 00:00:00+08:00,21.230579119228814,21.74954811113679,21.04186214049583,21.65519142150879,8918927,0.0,0.0
2022-07-26 00:00:00+08:00,21.84390445933577,22.07979975976,21.749545979218418,21.938262939453125,7687776,0.0,0.0
2022-07-27 00:00:00+08:00,21.796726048005286,21.985441207885742,21.702367568195903,21.985441207885742,7769250,0.0,0.0
2022-07-28 00:00:00+08:00,22.315694845267757,22.881843920781133,21.938262728171605,22.36287498474121,12148544,0.0,0.0
2022-07-29 00:00:00+08:00,21.749546892086617,22.221337512736987,20.19263820388808,20.522891998291016,22414796,0.0,0.0
2022-08-01 00:00:00+08:00,20.570071493401855,22.07980192405027,20.570071493401855,21.65519142150879,12213443,0.0,0.0
2022-08-02 00:00:00+08:00,21.655189515627153,21.843904678012755,21.230577250717474,21.51365089416504,10048943,0.0,0.0
2022-08-03 00:00:00+08:00,21.60800775622602,21.60800775622602,20.947502037757953,21.089038848876953,5699658,0.0,0.0
2022-08-04 00:00:00+08:00,20.99468379568183,21.74954811113679,20.99468379568183,21.65519142150879,6752762,0.0,0.0
2022-08-05 00:00:00+08:00,21.6551894786986,21.89108478108208,21.466472516896484,21.608009338378906,3800729,0.0,0.0
2022-08-08 00:00:00+08:00,21.608009301851226,22.079799905820636,21.372113999866524,21.702367782592773,5327926,0.0,0.0
2022-08-09 00:00:00+08:00,21.70236961389139,21.89108659129888,21.466474292001266,21.749547958374023,5299323,0.0,0.0
2022-08-10 00:00:00+08:00,21.70236800512641,21.938263309529958,21.136218914610225,21.277755737304688,2319893,0.0,0.0
2022-08-11 00:00:00+08:00,21.702367782592773,21.79672626333432,21.41929414010646,21.702367782592773,3585523,0.0,0.0
2022-08-12 00:00:00+08:00,21.796728393838382,21.796728393838382,21.32493774375417,21.372116088867188,3176993,0.0,0.0
2022-08-15 00:00:00+08:00,21.41929623371871,21.513652923944754,20.994683928747516,21.372116088867188,3526522,0.0,0.0
2022-08-16 00:00:00+08:00,21.419294359737492,21.65518966414104,20.994682091915767,21.277755737304688,2874816,0.0,0.0
2022-08-17 00:00:00+08:00,21.372114072441256,21.702367856288973,21.230577250717474,21.51365089416504,4527883,0.0,0.0
2022-08-18 00:00:00+08:00,21.655189405800677,22.457231991413916,21.560830925217257,21.79672622680664,7889958,0.0,0.0
2022-08-19 00:00:00+08:00,21.655189298839378,21.985441279642647,21.51365067879419,21.938262939453125,3965154,0.0,0.0
2022-08-22 00:00:00+08:00,21.796726484354856,21.891084966053207,21.324935875601454,21.419294357299805,3342842,0.0,0.0
2022-08-23 00:00:00+08:00,21.419292508632253,21.419292508632253,21.04185861441462,21.230575561523438,4280753,0.0,0.0
2022-08-24 00:00:00+08:00,21.183399351278243,21.372114517594532,20.617250252852628,20.9475040435791,4301553,0.0,0.0
2022-08-25 00:00:00+08:00,21.65518958849134,21.65518958849134,21.089040499952926,21.466472625732422,2533854,0.0,0.0
2022-08-26 00:00:00+08:00,21.136218627345613,22.032621491791325,21.136218627345613,21.891084671020508,4509526,0.0,0.0
2022-08-29 00:00:00+08:00,21.513652787589802,21.938265089869777,21.4192960979618,21.65519142150879,3022453,0.0,0.0
2022-08-30 00:00:00+08:00,21.372114035995427,21.702367819279964,21.183398873931644,21.608009338378906,3090500,0.0,0.0
2022-08-31 00:00:00+08:00,21.23057707307584,21.985441315778765,21.23057707307584,21.843904495239258,8337947,0.0,0.0
2022-09-01 00:00:00+08:00,21.46647319808588,21.46647319808588,20.570070300688037,20.617250442504883,8828504,0.0,0.0
2022-09-02 00:00:00+08:00,20.617250109383633,21.089040721498876,20.570069968329097,21.041860580444336,6236576,0.0,0.0
2022-09-05 00:00:00+08:00,20.80596378760006,21.041859076800687,20.145458057681243,20.475711822509766,11865466,0.0,0.0
2022-09-06 00:00:00+08:00,20.617250408462578,20.758787234202646,20.19263813150399,20.570070266723633,2283399,0.0,0.0
2022-09-07 00:00:00+08:00,20.051099809707026,20.33417344006641,19.768026179347636,19.956741333007812,3875448,0.0,0.0
2022-09-08 00:00:00+08:00,19.95674328205719,20.098280111059893,19.626489481225263,19.862384796142578,4183921,0.0,0.0
2022-09-09 00:00:00+08:00,20.05110156961426,20.38135536717912,20.00392322699288,20.192638397216797,4037718,0.0,0.0
2022-09-13 00:00:00+08:00,20.003922996792966,20.805965610557113,19.76802768692389,20.617250442504883,5280506,0.0,0.0
2022-09-14 00:00:00+08:00,20.00392322699288,20.428533709800494,19.90956474201172,20.192638397216797,5481591,0.0,0.0
2022-09-15 00:00:00+08:00,20.145459789503427,20.66442875046314,20.098279647764482,20.570070266723633,4320023,0.0,0.0
2022-09-16 00:00:00+08:00,20.570068046380765,21.230575561523438,20.428531235918246,21.230575561523438,8773731,0.0,0.0
2022-09-19 00:00:00+08:00,21.324934035077845,21.372112371985956,20.9475019405984,21.230575561523438,4592234,0.0,0.0
2022-09-20 00:00:00+08:00,21.183399052923104,21.655189661676506,21.041860430506407,21.419294357299805,5569964,0.0,0.0
2022-09-21 00:00:00+08:00,21.041860653491682,21.324936101586545,20.805965346615146,20.99468231201172,3454598,0.0,0.0
2022-09-22 00:00:00+08:00,20.522891516847668,21.419294394950146,20.42853303498346,21.324935913085938,5525098,0.0,0.0
2022-09-23 00:00:00+08:00,21.13621731599556,21.5608295517022,20.805963554861304,20.8531436920166,3229900,0.0,0.0
2022-09-26 00:00:00+08:00,20.7587873086162,20.805965650785883,20.09827971981033,20.522891998291016,11286999,0.0,0.0
2022-09-27 00:00:00+08:00,20.522892194781654,20.522892194781654,19.01316183429831,20.192638397216797,13922950,0.0,0.0
2022-09-28 00:00:00+08:00,19.956743442773767,20.381355732939813,19.484952809139692,19.626489639282227,8451321,0.0,0.0
2022-09-29 00:00:00+08:00,19.862384956099266,20.286997246265308,19.390594322465187,19.626489639282227,6884310,0.0,0.0
2022-09-30 00:00:00+08:00,20.098278461750926,20.239817078877085,19.201877418468825,19.390592575073242,7126821,0.0,0.0
2022-10-03 00:00:00+08:00,19.06034250750508,19.53213314581225,18.79613910214722,19.437774658203125,3237334,0.0,0.0
2022-10-05 00:00:00+08:00,20.09827971981033,20.617250482368767,19.956742893562897,20.522891998291016,5396975,0.0,0.0
2022-10-06 00:00:00+08:00,20.381355021369018,20.853145638531547,20.00392288758667,20.758787155151367,5102750,0.0,0.0
2022-10-07 00:00:00+08:00,20.758785449655228,20.994680738855855,20.38135334688187,20.475711822509766,4131716,0.0,0.0
2022-10-10 00:00:00+08:00,20.051101929448272,20.192638759590807,19.579311295814193,19.626489639282227,4923765,0.0,0.0
2022-10-11 00:00:00+08:00,19.626487942452247,19.76802656009634,19.154697349607353,19.343414306640625,3251320,0.0,0.0
2022-10-12 00:00:00+08:00,19.060341482129452,19.390593471387376,18.07901614336774,18.626293182373047,13056221,0.0,0.0
2022-10-13 00:00:00+08:00,18.494192160578677,18.777265804978715,18.26773288511098,18.39983367919922,4991293,0.0,0.0
2022-10-14 00:00:00+08:00,18.60742193728132,18.664038109112834,17.92804407294909,18.003530502319336,6256771,0.0,0.0
2022-10-17 00:00:00+08:00,18.003529075412526,18.1167596103628,17.531738479306604,17.852556228637695,7949818,0.0,0.0
2022-10-18 00:00:00+08:00,17.928042141465202,18.173373460422262,17.569482090520726,18.09788703918457,4746211,0.0,0.0
2022-10-19 00:00:00+08:00,18.09788872820723,18.135631042479332,17.814813272343603,17.871429443359375,5724803,0.0,0.0
2022-10-20 00:00:00+08:00,17.56948236524861,17.607224676588498,16.927846874826077,17.022205352783203,5640343,0.0,0.0
2022-10-21 00:00:00+08:00,16.984464153961895,16.984464153961895,16.003138694525134,16.116369247436523,12756340,0.0,0.0
2022-10-24 00:00:00+08:00,16.11636863299781,16.154112749108798,15.4181186825911,15.644577980041504,12266362,0.0,0.0
2022-10-25 00:00:00+08:00,15.701190267882783,15.776676690334593,15.002940410268966,15.53134536743164,9560434,0.0,0.0
2022-10-26 00:00:00+08:00,15.531346499749564,16.38057106391827,15.380373643839217,15.852164268493652,12182600,0.0,0.0
2022-10-27 00:00:00+08:00,16.456056317581528,16.984461275561156,16.34282578385961,16.927846908569336,21885125,0.0,0.0
2022-10-28 00:00:00+08:00,17.361894521504016,17.361894521504016,15.738935430491528,15.833293914794922,10896432,0.0,0.0
2022-10-31 00:00:00+08:00,15.701189928258803,15.965393300994435,15.30488576902447,15.587961196899414,7808589,0.0,0.0
2022-11-01 00:00:00+08:00,15.720063962440571,16.795746044466544,15.663449589633537,16.607030868530273,11342315,0.0,0.0
2022-11-02 00:00:00+08:00,16.607028666886556,17.286406449719205,16.418311716230598,17.17317771911621,6469643,0.0,0.0
2022-11-03 00:00:00+08:00,17.34302042731656,17.34302042731656,16.644770605080083,17.041074752807617,12117176,0.0,0.0
2022-11-04 00:00:00+08:00,17.041077888604576,18.38096341559935,17.022207630279013,17.98465919494629,15951842,0.0,0.0
2022-11-07 00:00:00+08:00,18.36208807518305,18.58854913199345,18.022400089443835,18.437576293945312,11255814,0.0,0.0
2022-11-08 00:00:00+08:00,18.456449895952495,18.58855250300491,17.5317406452782,17.890300750732422,14027197,0.0,0.0
2022-11-09 00:00:00+08:00,17.663840948222273,17.83368586691243,17.399639341138446,17.6260986328125,7742381,0.0,0.0
2022-11-10 00:00:00+08:00,17.51286708284089,18.097888235921676,17.343022173890397,18.022401809692383,9319433,0.0,0.0
2022-11-11 00:00:00+08:00,18.965984389717594,19.343416547775266,18.3054767633128,18.871625900268555,12938420,0.0,0.0
2022-11-14 00:00:00+08:00,19.48495295884802,20.145460570905968,19.249057640218535,19.532133102416992,19491680,0.0,0.0
2022-11-15 00:00:00+08:00,19.67366787440572,19.86238302971344,19.29623576405202,19.76802635192871,8107162,0.0,0.0
2022-11-16 00:00:00+08:00,20.003922925501094,20.853145678055547,19.76802761647272,20.6644287109375,14318731,0.0,0.0
2022-11-17 00:00:00+08:00,20.758787268478653,20.947504236269268,20.145459822766732,20.617250442504883,17692831,0.0,0.0
2022-11-18 00:00:00+08:00,20.758786895595055,21.324935989058954,20.711608554364044,21.136219024658203,14067635,0.0,0.0
2022-11-21 00:00:00+08:00,20.428533988858057,20.522892475128174,19.484952725633775,19.81520652770996,16569940,0.0,0.0
2022-11-22 00:00:00+08:00,19.815204826975165,20.098278461750926,19.249055757685362,19.390592575073242,6823764,0.0,0.0
2022-11-23 00:00:00+08:00,19.201879469555976,19.343416302062398,18.815011287493807,19.154699325561523,11011281,0.0,0.0
2022-11-24 00:00:00+08:00,19.390594601958014,19.579311578027156,19.060342593444712,19.24905776977539,3964481,0.0,0.0
2022-11-25 00:00:00+08:00,19.296238202919994,19.390594892630542,18.852753842431046,18.871625900268555,3889062,0.0,0.0
2022-11-28 00:00:00+08:00,18.173373852353883,19.626487942452247,17.94691458375693,19.343414306640625,6738430,0.0,0.0
2022-11-29 00:00:00+08:00,19.532130787823775,20.286994998089966,19.48495064984574,20.098278045654297,6151977,0.0,0.0
2022-11-30 00:00:00+08:00,20.09827931993078,21.136219024658203,19.626488708667253,21.136219024658203,18332738,0.0,0.0
2022-12-01 00:00:00+08:00,21.18340045525789,23.023382871359438,21.089041967313037,22.126981735229492,20206163,0.0,0.0
2022-12-02 00:00:00+08:00,22.55159199106228,22.787487308541465,22.079801356103914,22.41005516052246,11209070,0.0,0.0
2022-12-05 00:00:00+08:00,23.070560593695042,23.117738932846354,22.457231386298293,22.834665298461914,14357955,0.0,0.0
2022-12-06 00:00:00+08:00,22.645948105386438,23.73106609215522,22.31569433556857,23.21209716796875,9825725,0.0,0.0
2022-12-07 00:00:00+08:00,23.16491737623873,23.63670796882802,22.504411626456697,22.551589965820312,10952075,0.0,0.0
2022-12-08 00:00:00+08:00,22.551591789405467,22.929023934049464,22.221337987940057,22.74030876159668,8568689,0.0,0.0
2022-12-09 00:00:00+08:00,22.834666975924144,23.2592774586932,22.0798008958818,23.117740631103516,12380400,0.0,0.0
2022-12-12 00:00:00+08:00,22.78748522764924,23.164917341202152,22.551589931711383,22.64594841003418,8679238,0.0,0.0
2022-12-13 00:00:00+08:00,22.64594993345645,23.25927738420655,22.45723296411562,23.164918899536133,9099058,0.0,0.0
2022-12-14 00:00:00+08:00,23.259275403978233,23.542350833889245,22.976201773805467,23.353633880615234,9569526,0.0,0.0
2022-12-15 00:00:00+08:00,23.49517301685892,23.49517301685892,22.598771899594897,22.69312858581543,3451689,0.0,0.0
2022-12-16 00:00:00+08:00,22.834667049350085,23.0705623626709,22.174159452156445,23.0705623626709,6782707,0.0,0.0
2022-12-19 00:00:00+08:00,22.693126343894455,23.400812219064612,22.693126343894455,23.353633880615234,4523425,0.0,0.0
2022-12-20 00:00:00+08:00,23.070562445472497,23.212099274025285,22.598771817137585,22.881845474243164,2956908,0.0,0.0
2022-12-21 00:00:00+08:00,22.881843705972038,23.164917341202152,22.504411592419125,22.64594841003418,5496035,0.0,0.0
2022-12-22 00:00:00+08:00,23.11773858889185,23.44799235725224,22.5987696669957,23.353633880615234,4248998,0.0,0.0
2022-12-23 00:00:00+08:00,23.25927547385325,23.683887720126258,23.11773865834167,23.306455612182617,2229511,0.0,0.0
2022-12-28 00:00:00+08:00,23.54235234187386,24.580290252150355,23.35363537651175,23.966962814331055,8342850,0.0,0.0
2022-12-29 00:00:00+08:00,23.96696114212755,23.96696114212755,23.44799222319838,23.589529037475586,3358275,0.0,0.0
2022-12-30 00:00:00+08:00,23.966963319627062,24.108500146763483,23.02338207239971,23.164918899536133,3008072,0.0,0.0
2023-01-03 00:00:00+08:00,22.45723280974836,23.919784812740456,22.31569598358484,23.5423526763916,4322360,0.0,0.0
2023-01-04 00:00:00+08:00,23.91978246980824,24.155677756887734,23.259274946090372,24.108497619628906,4301031,0.0,0.0
2023-01-05 00:00:00+08:00,24.108499092398496,25.571051041480448,24.108499092398496,24.95772361755371,10654842,0.0,0.0
2023-01-06 00:00:00+08:00,25.523872492612266,25.854126295235655,25.099262003300858,25.382335662841797,7565745,0.0,0.0
2023-01-09 00:00:00+08:00,25.618229018646634,25.854124316792067,25.193618561827826,25.47669219970703,7925843,0.0,0.0
2023-01-10 00:00:00+08:00,25.476690643763813,25.476690643763813,24.721826455695716,24.86336326599121,6480902,0.0,0.0
2023-01-11 00:00:00+08:00,24.816185558983808,24.816185558983808,23.77824764870731,23.966962814331055,8623452,0.0,0.0
2023-01-12 00:00:00+08:00,23.966962848834672,24.297216638824622,23.164918444498614,24.014142990112305,6669550,0.0,0.0
2023-01-13 00:00:00+08:00,24.108499414209344,24.580290023487322,23.35363515925992,24.39157485961914,6756670,0.0,0.0
2023-01-16 00:00:00+08:00,24.721830702850976,24.721830702850976,24.014144730056447,24.25004005432129,3425449,0.0,0.0
2023-01-17 00:00:00+08:00,24.061321370483018,24.76900729314428,23.778247721313857,23.919784545898438,6169796,0.0,0.0
2023-01-18 00:00:00+08:00,23.7310659164201,23.825424392774778,23.023380043367386,23.40081214904785,7929100,0.0,0.0
2023-01-19 00:00:00+08:00,22.83466678460229,23.82542636916736,22.693128158460087,23.447994232177734,8128831,0.0,0.0
2023-01-20 00:00:00+08:00,23.306455408921174,23.683887513573136,23.259275271003283,23.589529037475586,6165841,0.0,0.0
2023-01-26 00:00:00+08:00,23.77824768293925,24.014142990112305,23.11774010295935,24.014142990112305,8727162,0.0,0.0
2023-01-27 00:00:00+08:00,23.919784584807232,24.250038375867366,23.589530793747098,23.82542610168457,2495570,0.0,0.0
2023-01-30 00:00:00+08:00,23.683889354842684,24.061321488837557,23.44799404612859,23.636709213256836,6110036,0.0,0.0
2023-01-31 00:00:00+08:00,23.589529243205785,23.683887720126258,22.976201842830083,23.306455612182617,8418143,0.0,0.0
2023-02-01 00:00:00+08:00,23.11773858889185,23.353633880615234,22.92902163561784,23.353633880615234,5164293,0.0,0.0
2023-02-02 00:00:00+08:00,23.40081232233735,23.683887753497636,22.97620187520431,23.21209716796875,5897521,0.0,0.0
2023-02-03 00:00:00+08:00,23.35363601876051,23.542352989312526,22.598771736029274,23.0705623626709,4813168,0.0,0.0
2023-02-06 00:00:00+08:00,22.976202256337935,23.212097553015454,22.362874844924043,22.598770141601562,7901486,0.0,0.0
2023-02-07 00:00:00+08:00,22.59877028155824,22.74030710049365,22.174158025013725,22.221336364746094,10492192,0.0,0.0
2023-02-08 00:00:00+08:00,22.079801591387834,22.315696911380734,21.702369439346885,22.126981735229492,11364640,0.0,0.0
2023-02-09 00:00:00+08:00,21.891084388436447,22.457231664211527,21.891084388436447,22.36287498474121,10099648,0.0,0.0
2023-02-10 00:00:00+08:00,22.17415842404692,22.221336764628283,21.51365085747785,21.608009338378906,10043195,0.0,0.0
2023-02-13 00:00:00+08:00,21.513650505410478,22.41005335969354,21.041859908364298,22.268516540527344,14770830,0.0,0.0
2023-02-14 00:00:00+08:00,22.36287498474121,22.50441180368498,21.938262728171605,22.36287498474121,5488758,0.0,0.0
2023-02-15 00:00:00+08:00,22.362877099608877,22.551592276134684,21.79672797055451,22.032623291015625,2655579,0.0,0.0
2023-02-16 00:00:00+08:00,22.174158025013725,22.45723166288454,21.89108438714291,22.221336364746094,6160815,0.0,0.0
2023-02-17 00:00:00+08:00,22.221336507540045,22.362875127123274,21.843904388040823,21.985441207885742,3306762,0.0,0.0
2023-02-20 00:00:00+08:00,21.985441279642647,22.36287520011206,21.7023676390289,21.938262939453125,2768092,0.0,0.0
2023-02-21 00:00:00+08:00,21.93826308457748,22.362875348045275,21.655189442091164,21.702367782592773,4683300,0.0,0.0
2023-02-22 00:00:00+08:00,21.56083278070501,22.126981913189002,21.56083278070501,21.749547958374023,2738027,0.0,0.0
2023-02-23 00:00:00+08:00,21.702367710167202,22.268516792988795,21.702367710167202,21.891084671020508,3322976,0.0,0.0
2023-02-24 00:00:00+08:00,21.89108463524464,22.174158276323656,21.702367674699747,21.843904495239258,4491714,0.0,0.0
2023-02-27 00:00:00+08:00,21.56083061107545,22.36287498474121,21.513650471601995,22.36287498474121,7247036,0.0,0.0
2023-02-28 00:00:00+08:00,22.41005339521043,23.023380812394844,22.126979756429407,22.174158096313477,11893367,0.0,0.0
2023-03-01 00:00:00+08:00,22.36287415165085,23.87260256379313,22.31569401393501,23.73106575012207,15591615,0.0,0.0
2023-03-02 00:00:00+08:00,23.11774051685976,23.542352797268872,22.315696098163887,23.25927734375,8454495,0.0,0.0
2023-03-03 00:00:00+08:00,23.353636430439195,23.495173260979016,22.174159843043277,22.41005516052246,8874028,0.0,0.0
2023-03-06 00:00:00+08:00,22.221337987940057,22.834667247692288,22.221337987940057,22.74030876159668,4054919,0.0,0.0
2023-03-07 00:00:00+08:00,22.74030920726334,22.88184603931139,22.03262324728464,22.126981735229492,6792420,0.0,0.0
2023-03-08 00:00:00+08:00,21.938262867850206,22.221336507540045,21.74954590823144,21.985441207885742,4134717,0.0,0.0
2023-03-09 00:00:00+08:00,21.985441102456658,22.41005335969354,21.70236746412427,22.268516540527344,7253964,0.0,0.0
2023-03-10 00:00:00+08:00,22.2685167565961,22.315695096863163,21.702367674699747,21.843904495239258,8063321,0.0,0.0
2023-03-13 00:00:00+08:00,21.891084182928353,23.117739001909893,21.843904043897815,22.64594841003418,6314776,0.0,0.0
2023-03-14 00:00:00+08:00,22.7403072466225,22.787485586658036,21.938262867850206,21.985441207885742,2927612,0.0,0.0
2023-03-15 00:00:00+08:00,22.2685165055326,22.78748544157252,22.221336366059145,22.36287498474121,4866622,0.0,0.0
2023-03-16 00:00:00+08:00,21.93826308457748,21.93826308457748,21.230577178623367,21.702367782592773,6963482,0.0,0.0
2023-03-17 00:00:00+08:00,22.032621206078318,22.31569484394913,21.89108438714291,22.221336364746094,7937163,0.0,0.0
2023-03-20 00:00:00+08:00,22.22133510632989,22.22133510632989,21.089038819231398,21.18339729309082,6274077,0.0,0.0
2023-03-21 00:00:00+08:00,21.1833987674281,21.938263011364672,21.1833987674281,21.891084671020508,4877665,0.0,0.0
2023-03-22 00:00:00+08:00,21.89108645868665,22.50441393193785,21.74954782661921,22.032623291015625,4011561,0.0,0.0
2023-03-23 00:00:00+08:00,22.315694703561444,22.457231521606445,21.749545631643155,22.457231521606445,4376664,0.0,0.0
2023-03-24 00:00:00+08:00,22.268516364125873,22.787485296870305,22.221336224952015,22.457231521606445,3003972,0.0,0.0
2023-03-27 00:00:00+08:00,22.31569644171803,23.11774087276152,22.12698126953854,22.69312858581543,5110210,0.0,0.0
2023-03-28 00:00:00+08:00,23.164918899536133,23.353635868876964,22.78748676059287,23.164918899536133,12713983,0.0,0.0
2023-03-29 00:00:00+08:00,23.16491709565579,23.7782462983836,22.834665124634064,23.023380279541016,7845677,0.0,0.0
2023-03-30 00:00:00+08:00,22.881845205463236,23.306457485872347,22.83466686307929,23.25927734375,4158364,0.0,0.0
2023-03-31 00:00:00+08:00,23.212097553015454,23.636708007192013,22.551590002423087,22.598770141601562,11511492,0.0,0.0
2023-04-03 00:00:00+08:00,22.598771858195523,22.83466717279156,22.362876543599487,22.787487030029297,5518111,0.0,0.0
2023-04-04 00:00:00+08:00,22.976201940748844,23.44799252762361,22.881843463426236,23.023380279541016,8302285,0.0,0.0
2023-04-06 00:00:00+08:00,22.97620187520431,23.589529276444207,22.88184339815088,23.21209716796875,3971508,0.0,0.0
2023-04-11 00:00:00+08:00,23.259275606564014,23.447992561481726,22.551589725229984,22.92902183532715,5832707,0.0,0.0
2023-04-12 00:00:00+08:00,23.070562529651255,23.070562529651255,22.598771899594897,22.69312858581543,5065736,0.0,0.0
2023-04-13 00:00:00+08:00,22.69312858581543,22.74030872866412,22.12698126953854,22.69312858581543,4555614,0.0,0.0
2023-04-14 00:00:00+08:00,22.834664890396272,23.447992287094312,22.787484752349812,23.40081214904785,5010119,0.0,0.0
2023-04-17 00:00:00+08:00,23.400814361529306,23.400814361529306,22.881845392118883,23.0705623626709,4697082,0.0,0.0
2023-04-18 00:00:00+08:00,23.070560418071448,23.212097234186228,22.834665124634064,23.023380279541016,2891300,0.0,0.0
2023-04-19 00:00:00+08:00,23.02338258230987,23.02338258230987,22.457233461486997,22.504413604736328,7278142,0.0,0.0
2023-04-20 00:00:00+08:00,22.504411767070142,22.74030706483872,22.17415799024647,22.31569480895996,6116788,0.0,0.0
2023-04-21 00:00:00+08:00,22.315694915703986,22.457231735094496,22.032621276922967,22.174158096313477,3265600,0.0,0.0
2023-04-24 00:00:00+08:00,22.17415831256214,22.22133665290631,21.60800922974055,21.891084671020508,2904424,0.0,0.0
2023-04-25 00:00:00+08:00,21.749546498617196,21.89108512204245,20.758786933070535,21.041860580444336,9839805,0.0,0.0
2023-04-26 00:00:00+08:00,21.183398873931644,21.608009338378906,20.99468191212953,21.608009338378906,6383895,0.0,0.0
2023-04-27 00:00:00+08:00,21.230575659995953,21.46647094510702,21.04185871201182,21.089038848876953,5481348,0.0,0.0
2023-04-28 00:00:00+08:00,21.089040608294585,21.6551896997415,20.994682126430373,21.324935913085938,4780954,0.0,0.0
2023-05-02 00:00:00+08:00,21.372116088867188,21.74954824898686,21.041862273860538,21.372116088867188,4842021,0.0,0.0
2023-05-03 00:00:00+08:00,21.04186000926853,22.26851664731389,21.04186000926853,21.985441207885742,6922561,0.0,0.0
2023-05-04 00:00:00+08:00,21.655189815984834,21.702368157301013,20.570069968329097,21.041860580444336,15447810,0.0,0.0
2023-05-05 00:00:00+08:00,21.23057765798078,21.324936140852817,20.334174770304024,20.90032386779785,9411597,0.0,0.0
2023-05-08 00:00:00+08:00,20.90032386779785,21.324936140852817,20.85314552623102,20.90032386779785,4503888,0.0,0.0
2023-05-09 00:00:00+08:00,20.805965610557113,21.04186092042619,20.570070300688037,20.617250442504883,9856026,0.0,0.0
2023-05-10 00:00:00+08:00,20.52289036021513,20.71160731330781,19.95674130067534,20.05109977722168,10727468,0.0,0.0
2023-05-11 00:00:00+08:00,20.098278323651783,20.192636801174775,19.532131057990366,19.76802635192871,8800596,0.0,0.0
2023-05-12 00:00:00+08:00,19.720848041439844,20.05110184351603,19.62648955516973,19.81520652770996,6050819,0.0,0.0
2023-05-15 00:00:00+08:00,19.95503516395892,20.720695241398126,19.859327197909618,20.481426239013672,5614011,0.2961,0.0
2023-05-16 00:00:00+08:00,20.48142598180151,20.577133946648885,20.09859594788961,20.242156982421875,4062049,0.0,0.0
2023-05-17 00:00:00+08:00,20.290010936357795,20.290010936357795,19.524349078574428,19.71576499938965,7256587,0.0,0.0
2023-05-18 00:00:00+08:00,19.71576513477614,19.907179231428273,19.380788183788006,19.524349212646484,4984835,0.0,0.0
2023-05-19 00:00:00+08:00,19.189371921729787,20.14644786446898,19.189371921729787,19.90717887878418,6069960,0.0,0.0
2023-05-22 00:00:00+08:00,20.002888207328276,20.38571824553273,19.667911239345273,20.050743103027344,3826510,0.0,0.0
2023-05-23 00:00:00+08:00,20.050742217675925,20.24215631558735,19.763618332592483,19.955034255981445,7860012,0.0,0.0
2023-05-24 00:00:00+08:00,19.955034762362047,20.19430375993119,19.380788803100586,19.380788803100586,8382005,0.0,0.0
2023-05-25 00:00:00+08:00,19.237228791538563,19.380789832610514,18.816114822313523,19.28508186340332,9837513,0.0,0.0
2023-05-29 00:00:00+08:00,19.237228236586713,19.285081307071014,18.796972321125118,19.007530212402344,6412687,0.0,0.0
2023-05-30 00:00:00+08:00,19.007529493836046,19.38078854084015,18.95010362085268,19.14151954650879,5556455,0.0,0.0
2023-05-31 00:00:00+08:00,19.141520614290307,19.285081653801953,18.720406649642175,18.835256576538086,14954764,0.0,0.0
2023-06-01 00:00:00+08:00,18.75868982953306,19.189372931134105,18.528991810250318,18.548131942749023,5651743,0.0,0.0
2023-06-02 00:00:00+08:00,18.662982415669333,19.380789431656616,18.662982415669333,19.237228393554688,9855122,0.0,0.0
2023-06-05 00:00:00+08:00,19.237228582457288,19.4286426933136,18.60555854822392,18.835256576538086,6994871,0.0,0.0
2023-06-06 00:00:00+08:00,18.96924622626053,19.572205134832352,18.816114210697634,19.42864227294922,5634900,0.0,0.0
2023-06-07 00:00:00+08:00,19.524350491280835,19.859327464206352,19.476497420353326,19.667911529541016,5180785,0.0,0.0
2023-06-08 00:00:00+08:00,19.907180637228954,20.33786557969593,19.667911630409,20.098596572875977,12329102,0.0,0.0
2023-06-09 00:00:00+08:00,20.09859697060472,20.33786598215954,19.95503592876737,20.14645004272461,10464612,0.0,0.0
2023-06-12 00:00:00+08:00,20.146449743035895,20.768550624206505,20.146449743035895,20.529281616210938,9705600,0.0,0.0
2023-06-13 00:00:00+08:00,20.385717122855258,20.8642551006263,20.29001098768306,20.7685489654541,4563328,0.0,0.0
2023-06-14 00:00:00+08:00,20.72069587998575,20.72069587998575,20.09859681970933,20.337865829467773,9016305,0.0,0.0
2023-06-15 00:00:00+08:00,20.52928264490322,20.959965785589546,20.337866698724124,20.8642578125,4891038,0.0,0.0
2023-06-16 00:00:00+08:00,20.95996358945323,21.5342095423446,20.81640255759978,21.247087478637695,7195793,0.0,0.0
2023-06-19 00:00:00+08:00,21.007817463497393,21.199231554846957,20.481424604961774,20.720693588256836,5814685,0.0,0.0
2023-06-20 00:00:00+08:00,20.43357201591887,20.91210999368991,20.43357201591887,20.7685489654541,2632255,0.0,0.0
2023-06-21 00:00:00+08:00,20.768549239620395,20.8164023078382,20.337864323749965,20.385717391967773,4010500,0.0,0.0
2023-06-23 00:00:00+08:00,20.242155413168934,20.242155413168934,19.42864051324958,19.859325408935547,5698281,0.0,0.0
2023-06-26 00:00:00+08:00,19.859326294286966,20.0985952857844,19.62005730278953,19.955034255981445,4238656,0.0,0.0
2023-06-27 00:00:00+08:00,19.859326294286966,20.24215631558735,19.763618332592483,19.955034255981445,3481245,0.0,0.0
2023-06-28 00:00:00+08:00,19.715764785522836,20.05074173057705,19.715764785522836,19.90717887878418,3538932,0.0,0.0
2023-06-29 00:00:00+08:00,19.907180868260916,19.907180868260916,18.471566810680244,19.06495475769043,17144885,0.0,0.0
2023-06-30 00:00:00+08:00,18.98838927309388,19.620059329871022,18.79697332992844,19.332937240600586,10044254,0.0,0.0
2023-07-03 00:00:00+08:00,19.332936382093145,19.907180535133865,19.28508148568799,19.667911529541016,9493523,0.0,0.0
2023-07-04 00:00:00+08:00,19.620057173711313,19.71576513477614,19.380788183788006,19.524349212646484,3106399,0.0,0.0
2023-07-05 00:00:00+08:00,19.428641872423384,19.62005780066973,19.285080838977414,19.380788803100586,4771590,0.0,0.0
2023-07-06 00:00:00+08:00,18.96924683108036,19.237228779598635,18.165302811003208,18.433284759521484,18102239,0.0,0.0
2023-07-07 00:00:00+08:00,18.318433399709686,18.375859271996653,17.878179331708143,18.06959342956543,9764310,0.0,0.0
2023-07-10 00:00:00+08:00,18.222726977187765,18.471565117944515,17.61019712742748,17.820755004882812,6506998,0.0,0.0
2023-07-11 00:00:00+08:00,17.87818145751953,18.069595578136983,17.68676551142433,17.87818145751953,17193447,0.0,0.0
2023-07-12 00:00:00+08:00,17.87817935674779,18.165301416674623,17.725047348056474,17.859037399291992,9293200,0.0,0.0
2023-07-13 00:00:00+08:00,17.916461994697173,18.29929385362346,17.916461994697173,18.12701988220215,14612837,0.0,0.0
2023-07-14 00:00:00+08:00,18.127019189800286,18.31843328647435,17.935603267648702,18.050453186035156,9705351,0.0,0.0
2023-07-18 00:00:00+08:00,17.916462008410285,18.088735979963452,17.34221787053652,17.495349884033203,14150310,0.0,0.0
2023-07-19 00:00:00+08:00,17.361359868735754,17.55277581891462,16.978529793855817,17.284793853759766,14039948,0.0,0.0
2023-07-20 00:00:00+08:00,17.28479199636707,17.705905946221744,17.246509905731696,17.495349884033203,15047657,0.0,0.0
2023-07-21 00:00:00+08:00,17.399642029452217,17.610198092974596,17.323076022218842,17.514490127563477,5375879,0.0,0.0
2023-07-24 00:00:00+08:00,17.303934930343114,17.820756874150703,17.303934930343114,17.610198974609375,8439852,0.0,0.0
2023-07-25 00:00:00+08:00,18.222729430299797,18.280153483937255,17.83989753810939,17.87818145751953,14566368,0.0,0.0
2023-07-26 00:00:00+08:00,17.76333138272373,18.031313340018567,17.57191726363691,17.648483276367188,8866441,0.0,0.0
2023-07-27 00:00:00+08:00,17.725048709643257,18.050454709478434,17.6867647917908,18.012170791625977,10667791,0.0,0.0
2023-07-28 00:00:00+08:00,17.801614569237888,17.973888547160854,17.62934059131492,17.782472610473633,8645933,0.0,0.0
2023-07-31 00:00:00+08:00,18.069593622810633,18.452425473574472,17.93560357032982,18.088735580444336,13740829,0.0,0.0
2023-08-01 00:00:00+08:00,18.127021457252194,18.222729430299797,17.7059074711294,17.87818145751953,7400800,0.0,0.0
2023-08-02 00:00:00+08:00,17.629339550022845,17.78247156013668,17.284791614527936,17.45706558227539,7816746,0.0,0.0
2023-08-03 00:00:00+08:00,16.499990804415056,17.055094837754066,16.193726761949073,16.748830795288086,27088283,0.0,0.0
2023-08-04 00:00:00+08:00,16.74882886959558,17.016810788681003,16.5765549091462,16.95938491821289,17909304,0.0,0.0
2023-08-07 00:00:00+08:00,16.94024481271423,17.705904832015815,16.90196089901041,17.591054916381836,10593440,0.0,0.0
2023-08-08 00:00:00+08:00,17.380501140838692,17.59105721731831,17.093379052413972,17.208227157592773,13709334,0.0,0.0
2023-08-09 00:00:00+08:00,17.035951830100668,17.495349690999582,16.997669739887677,17.476207733154297,6710962,0.0,0.0
2023-08-10 00:00:00+08:00,17.323075721347184,17.51448982336729,17.131659793849508,17.476207733154297,4497957,0.0,0.0
2023-08-11 00:00:00+08:00,17.32307678438774,17.457066846571948,16.959386864919626,17.169944763183594,7505977,0.0,0.0
2023-08-14 00:00:00+08:00,16.844538913052727,16.997670935632303,16.672264931281276,16.97852897644043,6936965,0.0,0.0
2023-08-15 00:00:00+08:00,16.653123718604594,16.94024764292058,16.15544371017245,16.423425674438477,39170852,0.0,0.0
2023-08-16 00:00:00+08:00,16.27029159099366,16.365999553683253,15.964027570769014,16.1937255859375,9933716,0.0,0.0
2023-08-17 00:00:00+08:00,16.174583466616067,16.61483936039618,15.849177492010886,16.5956974029541,9451853,0.0,0.0
2023-08-18 00:00:00+08:00,16.404280921731424,16.672262840376334,16.270290875147705,16.327714920043945,7910907,0.0,0.0
2023-08-21 00:00:00+08:00,16.040593767017274,16.423423796861137,15.983169718910087,16.212867736816406,4064497,0.0,0.0
2023-08-22 00:00:00+08:00,16.212867349868056,16.51913136643362,16.04059338418054,16.174583435058594,3215795,0.0,0.0
2023-08-23 00:00:00+08:00,16.078875473512472,16.346857400746106,16.002309469371077,16.174583435058594,3611800,0.0,0.0
2023-08-24 00:00:00+08:00,16.365999860817706,16.49998991581114,16.21286784783161,16.23200798034668,6255880,0.0,0.0
2023-08-25 00:00:00+08:00,16.17458396335767,16.21286787941757,15.887461894818767,16.021451950073242,4233786,0.0,0.0
2023-08-28 00:00:00+08:00,16.480848188068457,16.63398020319392,15.983170051649502,16.04059410095215,6598460,0.0,0.0
2023-08-29 00:00:00+08:00,16.289433521556333,16.46170748901579,16.002309633964718,16.404281616210938,4668137,0.0,0.0
2023-08-30 00:00:00+08:00,16.72968973332663,16.84453966814858,16.34685965971644,16.423425674438477,8695426,0.0,0.0
2023-08-31 00:00:00+08:00,16.423424298721383,16.576556315338273,16.117160265487602,16.270292282104492,9336132,0.0,0.0
2023-09-04 00:00:00+08:00,16.576555583670395,16.576555583670395,16.098017596495257,16.404281616210938,7945088,0.0,0.0
2023-09-05 00:00:00+08:00,16.212868767031075,16.308576736943007,16.098018838041217,16.11716079711914,4600954,0.0,0.0
2023-09-06 00:00:00+08:00,16.136302066774967,16.136302066774967,15.84917816930651,16.04059410095215,4792906,0.0,0.0
2023-09-07 00:00:00+08:00,16.059735866133146,16.13630187277536,15.944885943431029,16.021451950073242,4712354,0.0,0.0
2023-09-11 00:00:00+08:00,15.7343296919149,16.059735672592133,15.504631674756425,16.002309799194336,7649956,0.0,0.0
2023-09-12 00:00:00+08:00,16.002308781459796,16.28943265375521,15.925742780609843,16.0980167388916,4542178,0.0,0.0
2023-09-13 00:00:00+08:00,16.27029243061849,16.346858439625823,16.02145244497524,16.078876495361328,3401021,0.0,0.0
2023-09-14 00:00:00+08:00,16.2702931226632,16.2702931226632,15.849179142472273,16.15544319152832,4426866,0.0,0.0
2023-09-15 00:00:00+08:00,16.15544095987775,16.327714920043945,15.887460866710311,16.327714920043945,6873413,0.0,0.0
2023-09-18 00:00:00+08:00,16.21286665290526,16.32771474144146,16.002308781459796,16.0980167388916,5080343,0.0,0.0
2023-09-19 00:00:00+08:00,15.964026388878533,16.078874475221266,15.868318433274643,16.059734344482422,3700970,0.0,0.0
2023-09-20 00:00:00+08:00,16.11716010851488,16.2128680743377,15.868320127566596,16.04059410095215,4971178,0.0,0.0
2023-09-21 00:00:00+08:00,16.02145275404837,16.059736672029402,15.46634872166716,15.791754722595215,8930284,0.0,0.0
2023-09-22 00:00:00+08:00,15.696046603647934,15.983170509338379,15.408924523435157,15.983170509338379,8052952,0.0,0.0
2023-09-25 00:00:00+08:00,15.887463287458774,15.964029300812498,15.428067207336426,15.428067207336426,6015500,0.0,0.0
2023-09-26 00:00:00+08:00,15.313216130283921,15.332358088561405,14.73897016030275,15.19836711883545,11756919,0.0,0.0
2023-09-27 00:00:00+08:00,15.160083493529854,15.160083493529854,14.796394515816427,15.026092529296875,9926194,0.0,0.0
2023-09-28 00:00:00+08:00,15.026092894942392,15.102658901299035,14.624120905200623,14.64326286315918,8493453,0.0,0.0
2023-09-29 00:00:00+08:00,14.643262340892848,15.045234316297893,14.624120383617008,14.796394348144531,16173700,0.0,0.0
2023-10-03 00:00:00+08:00,14.356139952962524,14.738969986612672,14.24129094286748,14.547554969787598,8698029,0.0,0.0
2023-10-04 00:00:00+08:00,14.356139721515708,14.432705727011356,14.088158702280941,14.413564682006836,5902258,0.0,0.0
2023-10-05 00:00:00+08:00,14.509272137405807,15.428066054471202,14.509272137405807,15.19836711883545,8768158,0.0,0.0
2023-10-06 00:00:00+08:00,15.198366607293082,15.408923577564485,14.85381958454433,14.93038558959961,4889397,0.0,0.0
2023-10-09 00:00:00+08:00,14.547555580581113,14.834678574243267,14.432706565664018,14.719829559326172,3230291,0.0,0.0
2023-10-10 00:00:00+08:00,14.930385328376612,15.389781350670656,14.872960369220475,15.006951332092285,4927138,0.0,0.0
2023-10-11 00:00:00+08:00,15.160083408294845,15.198366410326347,14.8346774346577,14.911243438720703,8347680,0.0,0.0
2023-10-12 00:00:00+08:00,15.121800848721534,15.274932861328125,14.98780988132137,15.274932861328125,8918734,0.0,0.0
2023-10-13 00:00:00+08:00,14.911244506942358,15.102659530812584,14.52841445920191,14.60498046875,6811767,0.0,0.0
2023-10-16 00:00:00+08:00,14.45184775527587,14.643262769949045,14.279573785700618,14.317856788635254,6471015,0.0,0.0
2023-10-17 00:00:00+08:00,14.68154620601663,14.68154620601663,14.394423219166812,14.470989227294922,4755821,0.0,0.0
2023-10-18 00:00:00+08:00,14.470988605005784,14.470988605005784,14.049875578410107,14.298714637756348,9345300,0.0,0.0
2023-10-19 00:00:00+08:00,14.183866345792506,14.183866345792506,13.877602311005361,13.954168319702148,5742409,0.0,0.0
2023-10-20 00:00:00+08:00,13.954167893761815,14.030733900121483,13.628761910363833,13.80103588104248,5033677,0.0,0.0
2023-10-24 00:00:00+08:00,13.571337851888417,13.820176916003206,13.418205839282765,13.590478897094727,6400439,0.0,0.0
2023-10-25 00:00:00+08:00,14.030734673074488,14.43270668497677,13.915885657207957,13.992451667785645,7806399,0.0,0.0
2023-10-26 00:00:00+08:00,14.069016732189905,14.260431745761029,14.049875687202183,14.203007698059082,5295736,0.0,0.0
2023-10-27 00:00:00+08:00,14.203007939502465,14.604979931204518,14.107299974720528,14.547554969787598,8578688,0.0,0.0
2023-10-30 00:00:00+08:00,14.528413485162933,14.96866846691753,14.470988525482433,14.815535545349121,7377426,0.0,0.0
2023-10-31 00:00:00+08:00,14.815536100782115,14.815536100782115,14.126442035214671,14.241291046142578,7789765,0.0,0.0
2023-11-01 00:00:00+08:00,14.35613979156989,14.700686817981603,14.279573785700618,14.317856788635254,11346901,0.0,0.0
2023-11-02 00:00:00+08:00,14.547555155993905,14.662404167558998,14.2987151745668,14.35614013671875,5295675,0.0,0.0
2023-11-03 00:00:00+08:00,14.528414194931948,14.70068725691211,14.279574212057607,14.681546211242676,6854041,0.0,0.0
2023-11-06 00:00:00+08:00,14.853819904956113,15.485489916657299,14.815535988863875,15.389781951904297,11622325,0.0,0.0
2023-11-07 00:00:00+08:00,15.389782131150023,15.428066047688157,14.968669089357435,14.987810134887695,9090138,0.0,0.0
2023-11-08 00:00:00+08:00,14.930386013797973,15.198367039105255,14.758112041159604,15.083518028259277,5208208,0.0,0.0
2023-11-09 00:00:00+08:00,15.083518562933055,15.083518562933055,14.585838585553478,14.719829559326172,7678523,0.0,0.0
2023-11-10 00:00:00+08:00,14.719829210080686,14.719829210080686,14.375282173504193,14.470989227294922,3714454,0.0,0.0
2023-11-13 00:00:00+08:00,14.432706300791947,14.604980276375397,13.60962125262212,14.585838317871094,7742914,0.0,0.0
2023-11-14 00:00:00+08:00,14.54755572970676,14.892103690728808,14.451848672664182,14.738970756530762,5167684,0.0,0.0
2023-11-15 00:00:00+08:00,15.198367197369691,15.37064025906318,14.872961206881484,15.313216209411621,7688787,0.0,0.0
2023-11-16 00:00:00+08:00,15.31321611662696,15.38978212419099,14.70068714337591,14.777253150939941,6586063,0.0,0.0
2023-11-17 00:00:00+08:00,14.777253185591928,14.911244155512588,14.509272158489418,14.566697120666504,3625435,0.0,0.0
2023-11-20 00:00:00+08:00,14.566697428629405,15.294074517571255,14.566697428629405,15.236650466918945,6681797,0.0,0.0
2023-11-21 00:00:00+08:00,15.332357216737687,15.562055226573616,14.834677282687753,14.892102241516113,5576216,0.0,0.0
2023-11-22 00:00:00+08:00,14.815535738505377,14.968668662070241,14.681545685401943,14.834677696228027,5516868,0.0,0.0
2023-11-23 00:00:00+08:00,14.94952670434759,14.94952670434759,14.490130671869338,14.834677696228027,5519048,0.0,0.0
2023-11-24 00:00:00+08:00,14.853820024917239,14.853820024917239,14.413565026427712,14.451848030090332,5661201,0.0,0.0
2023-11-27 00:00:00+08:00,14.470989060217827,14.470989060217827,13.915885051328667,14.030734062194824,6414874,0.0,0.0
2023-11-28 00:00:00+08:00,14.030733374500363,14.049875331742577,13.49477135006097,13.53305435180664,8037220,0.0,0.0
2023-11-29 00:00:00+08:00,13.418205578223164,13.49477158303635,12.729110622165711,13.035374641418457,17331501,0.0,0.0
2023-11-30 00:00:00+08:00,13.03537540491723,13.475630414748744,13.03537540491723,13.226790428161621,19043744,0.0,0.0
2023-12-01 00:00:00+08:00,13.245931961256057,13.341639013433715,12.901384017747848,13.073657989501953,25843888,0.0,0.0
2023-12-04 00:00:00+08:00,13.169365591483505,13.341638645751134,12.690827605566856,12.824817657470703,17925829,0.0,0.0
2023-12-05 00:00:00+08:00,12.78653529594743,12.78653529594743,11.88688423894013,12.365422248840332,26253646,0.0,0.0
2023-12-06 00:00:00+08:00,12.154865341931464,12.441988332144092,12.020875282507374,12.26971435546875,17254321,0.0,0.0
2023-12-07 00:00:00+08:00,12.26971382897528,12.441987798258348,12.154864820366166,12.422845840454102,8850496,0.0,0.0
2023-12-08 00:00:00+08:00,12.422846450795491,12.537696377786034,12.26971443179321,12.384563446044922,6725333,0.0,0.0
2023-12-11 00:00:00+08:00,12.174007150185037,12.365422170382844,12.097441142105916,12.25057315826416,7043578,0.0,0.0
2023-12-12 00:00:00+08:00,12.250572550532937,12.384562601654963,12.116581586672142,12.28885555267334,8848635,0.0,0.0
2023-12-13 00:00:00+08:00,12.288855733117156,12.461129701647943,11.944307796055579,12.097440719604492,11050265,0.0,0.0
2023-12-14 00:00:00+08:00,12.327139396707826,12.595120429992676,12.327139396707826,12.595120429992676,12837553,0.0,0.0
2023-12-15 00:00:00+08:00,12.805677562821359,13.245932579040527,12.748252598645449,13.245932579040527,20300572,0.0,0.0
2023-12-18 00:00:00+08:00,13.073658484656459,13.418206441214151,13.073658484656459,13.341639518737793,14593756,0.0,0.0
2023-12-19 00:00:00+08:00,13.341639102146408,13.494772029578728,13.26507309479965,13.399064064025879,12048483,0.0,0.0
2023-12-20 00:00:00+08:00,13.590479089757169,13.801036066444253,13.399064071286551,13.609621047973633,10003628,0.0,0.0
2023-12-21 00:00:00+08:00,13.609621204322439,13.935027195830191,13.437347229350378,13.839319229125977,13724910,0.0,0.0
2023-12-22 00:00:00+08:00,13.781893730163574,13.954167698430723,13.437346706368059,13.781893730163574,9115190,0.0,0.0
2023-12-27 00:00:00+08:00,13.781893758495297,13.781893758495297,13.437346733991488,13.571337699890137,5844039,0.0,0.0
2023-12-28 00:00:00+08:00,13.609621132702244,13.973310126430018,13.437347158636769,13.935027122497559,8001700,0.0,0.0
2023-12-29 00:00:00+08:00,13.9350276162218,14.049876632088331,13.705328671749895,13.992451667785645,4987036,0.0,0.0
2024-01-02 00:00:00+08:00,13.992451077332653,14.20300805390564,13.111941080106135,13.399064064025879,9472487,0.0,0.0
2024-01-03 00:00:00+08:00,13.073658336339847,13.360781325967656,12.939668277188671,13.322498321533203,7574002,0.0,0.0
2024-01-04 00:00:00+08:00,13.284215160293689,13.36078116825882,12.958809170072474,13.09280014038086,5608481,0.0,0.0
2024-01-05 00:00:00+08:00,12.93966786360847,13.20764888608438,12.93966786360847,13.169365882873535,6054324,0.0,0.0
2024-01-08 00:00:00+08:00,13.169366068557805,13.26507312156496,12.824818122063386,12.977951049804688,8516918,0.0,0.0
2024-01-09 00:00:00+08:00,12.997092439137084,13.15022445819055,12.920526429610351,13.016234397888184,7214796,0.0,0.0
2024-01-10 00:00:00+08:00,13.016234238546723,13.016234238546723,12.480271265681887,12.575979232788086,6793850,0.0,0.0
2024-01-11 00:00:00+08:00,12.499412961322433,12.709969024145735,12.441987999718659,12.652544975280762,10994044,0.0,0.0
2024-01-12 00:00:00+08:00,12.65254462964104,12.88224264430369,12.499412619865941,12.614261627197266,15217965,0.0,0.0
2024-01-15 00:00:00+08:00,12.614261627197266,12.614261627197266,12.614261627197266,12.614261627197266,0,0.0,0.0
2024-01-16 00:00:00+08:00,12.365422717362936,12.403705723095932,11.791176718629137,11.886884689331055,9880053,0.0,0.0
2024-01-17 00:00:00+08:00,11.752892388097521,11.829458390932912,11.25521336966748,11.427486419677734,15003876,0.0,0.0
2024-01-18 00:00:00+08:00,11.427487375521226,11.657186315979143,11.33178032034102,11.638044357299805,17039023,0.0,0.0
2024-01-19 00:00:00+08:00,11.561477661132812,11.92516663978214,11.427486696555029,11.561477661132812,10348783,0.0,0.0
2024-01-22 00:00:00+08:00,11.389204760581626,11.56147874363469,10.56611967672372,11.044657707214355,19209329,0.0,0.0
2024-01-23 00:00:00+08:00,11.044656936767048,11.42748696935876,10.680967949435523,10.853241920471191,14240991,0.0,0.0
2024-01-24 00:00:00+08:00,10.968091695354962,11.082940713144053,10.680968694512808,11.044657707214355,21926902,0.0,0.0
2024-01-25 00:00:00+08:00,11.293497163832544,11.59976119667232,11.159506193095734,11.408346176147461,21115820,0.0,0.0
2024-01-26 00:00:00+08:00,11.484911641589562,11.695468610585559,11.255213627815076,11.350920677185059,19713653,0.0,0.0
2024-01-29 00:00:00+08:00,11.350920797796933,12.174006725009557,11.350920797796933,12.097440719604492,20565248,0.0,0.0
2024-01-30 00:00:00+08:00,12.078298415954661,12.174006376339255,11.772034403105971,12.059157371520996,17030613,0.0,0.0
2024-01-31 00:00:00+08:00,12.25057342392142,12.25057342392142,11.580620382331565,11.752893447875977,18297100,0.0,0.0
2024-02-01 00:00:00+08:00,11.752892930196543,12.575978867749738,11.733751884974195,12.116581916809082,18082212,0.0,0.0
2024-02-02 00:00:00+08:00,12.116581485431524,12.44198745727539,11.772034469046776,11.963449478149414,18265596,0.0,0.0
2024-02-05 00:00:00+08:00,11.676326696777105,11.98259162902832,11.599760691898995,11.98259162902832,14799264,0.0,0.0
2024-02-06 00:00:00+08:00,11.925166988202573,12.441987991333008,11.906025030101285,12.441987991333008,12622195,0.0,0.0
2024-02-07 00:00:00+08:00,12.403704916977762,12.690827897684509,12.384562958985876,12.53769588470459,14657540,0.0,0.0
2024-02-08 00:00:00+08:00,12.614261527236149,12.76739353579776,12.193147590952949,12.28885555267334,10059078,0.0,0.0
2024-02-09 00:00:00+08:00,12.25057315826416,12.25057315826416,12.25057315826416,12.25057315826416,0,0.0,0.0
2024-02-14 00:00:00+08:00,12.15486507953156,12.499413025444124,11.618903027927935,12.346280097961426,15793509,0.0,0.0
2024-02-15 00:00:00+08:00,12.346280097961426,12.46113002175815,12.097441030372002,12.346280097961426,10717978,0.0,0.0
2024-02-16 00:00:00+08:00,12.346279524628955,12.882242464082513,12.078298511271557,12.805676460266113,13858533,0.0,0.0
2024-02-19 00:00:00+08:00,12.614262657798285,12.805677685656006,12.365422665213822,12.5185546875,11247542,0.0,0.0
2024-02-20 00:00:00+08:00,12.441987659830891,12.614261627197266,12.231430690020742,12.614261627197266,9789699,0.0,0.0
2024-02-21 00:00:00+08:00,12.556836829930083,13.035374823049699,12.307996854450572,12.84395980834961,8921720,0.0,0.0
2024-02-22 00:00:00+08:00,12.690828401030155,13.05451740265155,12.652545396266788,13.016234397888184,10500338,0.0,0.0
2024-02-23 00:00:00+08:00,13.016234020013654,13.265073087382069,12.939668012709712,13.188507080078125,10718236,0.0,0.0
2024-02-26 00:00:00+08:00,13.073658176261622,13.18850718815873,12.748252186183738,12.882243156433105,18972122,0.0,0.0
2024-02-27 00:00:00+08:00,12.863100506759032,12.882242464082513,12.537695446908716,12.805676460266113,24098448,0.0,0.0
2024-02-28 00:00:00+08:00,12.843960230219466,13.475630255846847,12.843960230219466,12.997092247009277,34775005,0.0,0.0
2024-02-29 00:00:00+08:00,12.939668060060086,12.939668060060086,11.925167090462246,12.135724067687988,197089646,0.0,0.0
2024-03-01 00:00:00+08:00,11.982592206015699,12.499413220198363,11.88688423894013,12.365422248840332,74779788,0.0,0.0
2024-03-04 00:00:00+08:00,12.422846105333372,12.441988063545761,12.193148083217533,12.346280097961426,10898077,0.0,0.0
2024-03-05 00:00:00+08:00,12.327138252009432,12.51855325800952,11.791175322470437,11.944307327270508,13462920,0.0,0.0
2024-03-06 00:00:00+08:00,11.848600638106769,12.384562671076752,11.791175678204885,12.193147659301758,12621224,0.0,0.0
2024-03-07 00:00:00+08:00,12.116582492645678,12.135724451516534,11.542337417602539,11.542337417602539,15987841,0.0,0.0
2024-03-08 00:00:00+08:00,11.580619534156526,11.79117558914936,11.44662857055664,11.44662857055664,11152654,0.0,0.0
2024-03-11 00:00:00+08:00,11.484912154324878,11.98259211912692,11.484912154324878,11.829459190368652,5411221,0.0,0.0
2024-03-12 00:00:00+08:00,12.154865605821158,12.480271607610982,11.810318557728968,12.403705596923828,10085783,0.0,0.0
2024-03-13 00:00:00+08:00,12.30799755200801,12.614262505624547,12.269714546898298,12.49941349029541,11355467,0.0,0.0
2024-03-14 00:00:00+08:00,12.499412618324952,12.499412618324952,11.84860066412224,11.98259162902832,8253156,0.0,0.0
2024-03-15 00:00:00+08:00,11.714610443006237,11.982592389833245,11.676327438136497,11.752893447875977,7290150,0.0,0.0
2024-03-18 00:00:00+08:00,11.772035598754883,11.829459650627017,11.542337565788653,11.772035598754883,4501320,0.0,0.0
2024-03-19 00:00:00+08:00,11.65718569337589,11.772034701101418,11.389203762610878,11.46576976776123,13225691,0.0,0.0
2024-03-20 00:00:00+08:00,11.484911753500496,11.504053711204278,11.197788777115226,11.255213737487793,8491876,0.0,0.0
2024-03-21 00:00:00+08:00,11.331779715117502,11.848600706251771,11.331779715117502,11.46576976776123,18147400,0.0,0.0
2024-03-22 00:00:00+08:00,11.389204760581626,11.389204760581626,10.929808689425267,11.044657707214355,12175582,0.0,0.0
2024-03-25 00:00:00+08:00,11.04465743970214,11.178648413580117,10.910666465824162,11.121223449707031,10280376,0.0,0.0
2024-03-26 00:00:00+08:00,11.082939769108876,11.389203790459145,11.082939769108876,11.255213737487793,7277897,0.0,0.0
2024-03-27 00:00:00+08:00,11.370063004599267,11.370063004599267,10.872383045824986,10.968091011047363,8320725,0.0,0.0
2024-03-28 00:00:00+08:00,10.853242529309973,11.216931537043509,10.814959523903225,11.025516510009766,12073000,0.0,0.0
2024-04-02 00:00:00+08:00,11.04465743970214,11.293497428587454,11.025516393570335,11.121223449707031,11655840,0.0,0.0
2024-04-03 00:00:00+08:00,10.91066631442088,10.948949318892085,10.738393250669862,10.891525268554688,7966069,0.0,0.0
2024-04-05 00:00:00+08:00,10.834099880953424,10.891524841779496,10.546977815039423,10.73839282989502,10654232,0.0,0.0
2024-04-08 00:00:00+08:00,10.700109995270973,10.700109995270973,9.953590056480811,10.125864028930664,25038500,0.0,0.0
2024-04-09 00:00:00+08:00,10.183289223658347,10.5852612267461,10.183289223658347,10.47041130065918,23683118,0.0,0.0
2024-04-10 00:00:00+08:00,10.52783638045763,10.52783638045763,10.240713387533747,10.374704360961914,8365417,0.0,0.0
2024-04-11 00:00:00+08:00,10.04929862396144,10.374704630204121,10.04929862396144,10.298138618469238,17920063,0.0,0.0
2024-04-12 00:00:00+08:00,10.336420838137046,10.432127889156638,9.877023889931131,9.89616584777832,13472227,0.0,0.0
2024-04-15 00:00:00+08:00,9.685608536056629,9.972731504540702,9.685608536056629,9.857882499694824,13349574,0.0,0.0
2024-04-16 00:00:00+08:00,9.80045798621527,9.934448954326449,9.53247696273171,9.5899019241333,15354638,0.0,0.0
2024-04-17 00:00:00+08:00,9.589901646916097,9.723891698415201,9.31234873969362,9.455910682678223,17883300,0.0,0.0
2024-04-18 00:00:00+08:00,9.455910956022123,9.704750934197683,9.388915928335932,9.5899019241333,18579663,0.0,0.0
2024-04-19 00:00:00+08:00,9.570760117377931,9.704751087607194,9.312349156094097,9.60904312133789,11719500,0.0,0.0
2024-04-22 00:00:00+08:00,9.570760198779535,9.972732200147382,9.570760198779535,9.934449195861816,14045415,0.0,0.0
2024-04-23 00:00:00+08:00,10.030155721078788,10.240712689911154,10.011014676315176,10.087580680847168,14722440,0.0,0.0
2024-04-24 00:00:00+08:00,10.106723252023674,10.317279320902106,9.991873325513295,10.259855270385742,6653769,0.0,0.0
2024-04-25 00:00:00+08:00,10.336421279566776,10.39384533008314,10.14500625661419,10.259855270385742,7692100,0.0,0.0
2024-04-26 00:00:00+08:00,10.298138237006444,10.508694305108545,10.25985523255708,10.47041130065918,8566155,0.0,0.0
2024-04-29 00:00:00+08:00,10.470411303704765,10.853242261048601,10.412987253383424,10.680968284606934,15372000,0.0,0.0
2024-04-30 00:00:00+08:00,10.795816866459063,10.929807833084356,10.489552843017009,10.527835845947266,14145600,0.0,0.0
2024-05-02 00:00:00+08:00,10.527836006025458,10.872383037636686,10.412986995488382,10.75753402709961,8136952,0.0,0.0
2024-05-03 00:00:00+08:00,11.044656936767048,11.044656936767048,10.661826904175335,10.853241920471191,10719718,0.0,0.0
2024-05-06 00:00:00+08:00,10.85324165829509,10.968090665298256,10.700109648957534,10.929807662963867,8988308,0.0,0.0
2024-05-07 00:00:00+08:00,10.92980781510421,11.044656823706047,10.83409985156662,10.948948860168457,8690262,0.0,0.0
2024-05-08 00:00:00+08:00,10.891524830154099,10.929807833084356,10.393844879321973,10.527835845947266,29090216,0.0,0.0
2024-05-09 00:00:00+08:00,10.508693870825356,11.006373820838768,10.393844862223517,10.948948860168457,17171800,0.0,0.0
2024-05-10 00:00:00+08:00,10.948948777325137,11.006373737560953,10.73839271951763,10.834099769592285,9328917,0.0,0.0
2024-05-13 00:00:00+08:00,10.872383117675781,10.948949125264154,10.48955307973392,10.872383117675781,11273956,0.0,0.0
2024-05-14 00:00:00+08:00,10.872382688143109,10.948948692706606,10.719250679016113,10.719250679016113,7908376,0.0,0.0
2024-05-16 00:00:00+08:00,10.795816614999035,10.891524576464807,10.585260560156364,10.814958572387695,12937623,0.0,0.0
2024-05-17 00:00:00+08:00,10.81495907490198,11.121223105440901,10.700110063449882,11.082940101623535,12898300,0.0,0.0
2024-05-20 00:00:00+08:00,11.178648757249658,11.331780781967236,11.082940785431738,11.159506797790527,12212300,0.0,0.0
2024-05-21 00:00:00+08:00,11.159505590734694,11.159505590734694,10.795816614999035,10.814958572387695,13012290,0.0,0.0
2024-05-22 00:00:00+08:00,11.026347214799337,11.026347214799337,10.549531723871773,10.648868560791016,9792059,0.4128,0.0
2024-05-23 00:00:00+08:00,10.549531936645508,10.708470121044895,10.430328298345968,10.549531936645508,10043443,0.0,0.0
2024-05-24 00:00:00+08:00,10.549531927705333,10.549531927705333,10.092584174271181,10.29125690460205,14735100,0.0,0.0
2024-05-27 00:00:00+08:00,10.311124581289205,10.47006276447461,10.231655489696504,10.410460472106934,5896690,0.0,0.0
2024-05-28 00:00:00+08:00,10.390593023855256,10.489929855814417,10.291256191896098,10.4501953125,7359200,0.0,0.0
2024-05-29 00:00:00+08:00,10.390593597770026,10.450195889706846,10.211787669305856,10.271389961242676,11569817,0.0,0.0
2024-05-30 00:00:00+08:00,10.191921156453,10.231655703078017,10.032982969952936,10.052849769592285,15033550,0.0,0.0
2024-05-31 00:00:00+08:00,10.072716686356213,10.092583484358084,9.734972594208237,9.814441680908203,31164862,0.0,0.0
2024-06-03 00:00:00+08:00,9.903844938822507,10.172052877683159,9.844242648327768,9.85417652130127,37644400,0.0,0.0
2024-06-04 00:00:00+08:00,9.854176416381616,10.032982338615776,9.854176416381616,9.903844833374023,6114405,0.0,0.0
2024-06-05 00:00:00+08:00,9.973380067737772,10.13231824453897,9.705172131222316,9.715105056762695,10826330,0.0,0.0
2024-06-06 00:00:00+08:00,9.804507808234147,10.152185773056178,9.754839392210108,9.814441680908203,21170600,0.0,0.0
2024-06-07 00:00:00+08:00,9.854176656857504,9.854176656857504,9.585967766961042,9.615769386291504,16538792,0.0,0.0
2024-06-11 00:00:00+08:00,9.536300126498874,9.615769215274177,8.999883303592455,9.337626457214355,37390657,0.0,0.0
2024-06-12 00:00:00+08:00,9.238291153426067,9.347560920557223,9.119087512733989,9.158822059631348,30378380,0.0,0.0
2024-06-13 00:00:00+08:00,9.287958802018112,9.397228560068518,9.188621969356838,9.248224258422852,19554540,0.0,0.0
2024-06-14 00:00:00+08:00,9.248224615239614,9.268091414130627,9.1091532336174,9.168754577636719,10703290,0.0,0.0
2024-06-17 00:00:00+08:00,9.15882187269642,9.15882187269642,8.880679102745578,9.069418907165527,12087530,0.0,0.0
2024-06-18 00:00:00+08:00,9.1290200625852,9.1290200625852,8.920413463137738,8.980015754699707,26609884,0.0,0.0
2024-06-19 00:00:00+08:00,9.04955060905863,9.099219025476854,8.980015394480862,9.059484481811523,16265802,0.0,0.0
2024-06-20 00:00:00+08:00,9.059484986728968,9.059484986728968,8.63233790801055,8.741608619689941,24102400,0.0,0.0
2024-06-21 00:00:00+08:00,8.741608878105165,8.840944772068232,8.62240523694169,8.711808204650879,33281735,0.0,0.0
2024-06-24 00:00:00+08:00,8.781342636247851,9.009816024448652,8.622404462308817,8.989949226379395,23723348,0.0,0.0
2024-06-25 00:00:00+08:00,9.228357237703445,9.228357237703445,8.920413790146073,9.089285850524902,16465110,0.0,0.0
2024-06-26 00:00:00+08:00,8.970081908346273,9.595901708558285,8.970081908346273,9.496565818786621,21511089,0.0,0.0
2024-06-27 00:00:00+08:00,9.43696303991314,9.496565328576516,9.278024866605792,9.367427825927734,27648963,0.0,0.0
2024-06-28 00:00:00+08:00,9.36742851401941,9.546233498451317,9.138954162597656,9.138954162597656,11831273,0.0,0.0
2024-07-02 00:00:00+08:00,9.089285464788892,9.456831190495055,9.079352539041215,9.357494354248047,16831363,0.0,0.0
2024-07-03 00:00:00+08:00,9.317760179167191,9.566101332298473,9.317760179167191,9.536300659179688,12996375,0.0,0.0
2024-07-04 00:00:00+08:00,9.536299871903353,9.605835085888758,9.347560080591196,9.367427825927734,13270297,0.0,0.0
2024-07-05 00:00:00+08:00,9.347560121645266,9.506498295650665,9.317759450855815,9.436963081359863,10140724,0.0,0.0
2024-07-08 00:00:00+08:00,9.417095805414966,9.417095805414966,9.178688532521338,9.307826042175293,12858800,0.0,0.0
2024-07-09 00:00:00+08:00,9.248224487994387,9.436963337920435,9.248224487994387,9.4071626663208,9014632,0.0,0.0
2024-07-10 00:00:00+08:00,9.407162497618502,9.655503633636496,9.367427953749475,9.576034545898438,9695293,0.0,0.0
2024-07-11 00:00:00+08:00,9.585967551275157,9.734972802535975,9.496565537334178,9.715105056762695,4923105,0.0,0.0
2024-07-12 00:00:00+08:00,9.75483972490001,9.993247940477087,9.75483972490001,9.923711776733398,6952800,0.0,0.0
2024-07-15 00:00:00+08:00,9.744906529747775,9.92371150230307,9.645569697058864,9.69523811340332,8774425,0.0,0.0
2024-07-16 00:00:00+08:00,9.56610071325885,9.665436599675367,9.466763879496076,9.645569801330566,7014070,0.0,0.0
2024-07-17 00:00:00+08:00,9.64557021400858,9.933645907430206,9.64557021400858,9.893911361694336,4290128,0.0,0.0
2024-07-18 00:00:00+08:00,9.893911372499435,10.291256830292065,9.883977499218046,10.152186393737793,12383086,0.0,0.0
2024-07-19 00:00:00+08:00,10.15218570913512,10.291256136311313,9.84424228960197,9.933645248413086,9710458,0.0,0.0
2024-07-22 00:00:00+08:00,9.953513082586973,10.132318054460882,9.893910793731507,10.07271671295166,5351991,0.0,0.0
2024-07-23 00:00:00+08:00,9.973380194451384,10.13231837327192,9.874043359015413,9.923711776733398,4992864,0.0,0.0
2024-07-24 00:00:00+08:00,9.953513941975368,9.953513941975368,9.347560917787296,9.417096138000488,24109600,0.0,0.0
2024-07-25 00:00:00+08:00,9.417095335936066,9.516432168362563,9.307825578143916,9.436963081359863,15298176,0.0,0.0
2024-07-26 00:00:00+08:00,9.446897288587312,9.635636140065424,9.357494325706947,9.546233177185059,15637000,0.0,0.0
2024-07-29 00:00:00+08:00,9.595901888708646,9.635636434832533,9.297892319106339,9.327693939208984,17979149,0.0,0.0
2024-07-30 00:00:00+08:00,9.248224469202643,9.397228774244322,9.109153089776479,9.148887634277344,15385100,0.0,0.0
2024-07-31 00:00:00+08:00,9.178688611879894,9.65550410913597,9.178688611879894,9.446897506713867,18802179,0.0,0.0
2024-08-01 00:00:00+08:00,9.446897577580646,9.446897577580646,8.751542546739469,9.327693939208984,28240832,0.0,0.0
2024-08-02 00:00:00+08:00,9.268091260545,9.595901489257812,9.09921920971158,9.595901489257812,13532092,0.0,0.0
2024-08-05 00:00:00+08:00,9.595901259009581,10.052848983121763,9.516432171976701,9.883976936340332,16554078,0.0,0.0
2024-08-06 00:00:00+08:00,9.933646081143976,9.933646081143976,9.436963777086778,9.466764450073242,16297894,0.0,0.0
2024-08-07 00:00:00+08:00,9.4766983655958,9.625702678536042,9.347560852285977,9.536300659179688,10574215,0.0,0.0
2024-08-08 00:00:00+08:00,9.595901854107217,9.615769600770673,9.3376268315601,9.516432762145996,9908720,0.0,0.0
2024-08-09 00:00:00+08:00,9.595901255365263,9.68530421507986,9.278024907354466,9.436963081359863,21096400,0.0,0.0
2024-08-12 00:00:00+08:00,9.436963513344313,9.576034895638262,9.158821696102704,9.238290786743164,12453438,0.0,0.0
2024-08-13 00:00:00+08:00,9.21842321815281,9.238290964869144,9.019750487720998,9.069418907165527,10129868,0.0,0.0
2024-08-14 00:00:00+08:00,9.148887999338251,9.238290964869144,9.009816614362832,9.069418907165527,8916400,0.0,0.0
2024-08-15 00:00:00+08:00,9.069419050840152,9.198556564503157,8.880679243430249,9.089285850524902,8981405,0.0,0.0
2024-08-16 00:00:00+08:00,9.31776024445969,9.436963885116443,9.248225024246496,9.417096138000488,11123400,0.0,0.0
2024-08-19 00:00:00+08:00,9.436963103663778,9.436963103663778,9.188621969356838,9.248224258422852,8403000,0.0,0.0
2024-08-20 00:00:00+08:00,9.446897331648614,9.446897331648614,8.821077535979692,8.910480499267578,17061000,0.0,0.0
2024-08-21 00:00:00+08:00,8.831011219697654,8.930347106617827,8.741608258327114,8.821077346801758,11642700,0.0,0.0
2024-08-22 00:00:00+08:00,8.890613118567206,8.940281538807623,8.781343351915345,8.831011772155762,13457956,0.0,0.0
2024-08-23 00:00:00+08:00,8.741608836379672,8.831011803662122,8.612471322232391,8.642271995544434,11954409,0.0,0.0
2024-08-26 00:00:00+08:00,8.64227155538049,8.900546570520715,8.542935666950902,8.582670211791992,18349650,0.0,0.0
2024-08-27 00:00:00+08:00,8.582669918824058,8.989949226379395,8.45353241566203,8.989949226379395,41591594,0.0,0.0
2024-08-28 00:00:00+08:00,8.989949290174692,8.989949290174692,8.761474953006326,8.870745658874512,9914995,0.0,0.0
2024-08-29 00:00:00+08:00,8.831011772155762,8.910480865601901,8.741608805192275,8.831011772155762,10759886,0.0,0.0
2024-08-30 00:00:00+08:00,8.83101180738173,8.980016121351024,8.691940419623084,8.90054702758789,20295206,0.0,0.0
2024-09-02 00:00:00+08:00,8.900546371685431,8.950214788463786,8.423730896897972,8.493267059326172,7505054,0.0,0.0
2024-09-03 00:00:00+08:00,8.493267271215624,8.592603159904305,8.354195890235935,8.393930435180664,5690484,0.0,0.0
2024-09-04 00:00:00+08:00,8.393930585712555,8.45353287787166,8.264793075489742,8.413798332214355,5224505,0.0,0.0
2024-09-05 00:00:00+08:00,8.443599299010174,8.483333846052838,8.30452791068768,8.453533172607422,8814537,0.0,0.0
2024-09-09 00:00:00+08:00,8.314461520448653,8.423731284512028,8.135655590757402,8.225058555603027,17456914,0.0,0.0
2024-09-10 00:00:00+08:00,8.225058219374416,8.324395053441318,8.115788459777832,8.115788459777832,11796002,0.0,0.0
2024-09-11 00:00:00+08:00,8.115788857109465,8.115788857109465,7.7979120146136935,7.976717472076416,17088574,0.0,0.0
2024-09-12 00:00:00+08:00,7.936982665126348,8.066120172553036,7.7780444859385085,7.877380847930908,11921530,0.0,0.0
2024-09-13 00:00:00+08:00,7.897248369580625,7.936982915631678,7.579372001172202,7.589305400848389,23691544,0.0,0.0
2024-09-16 00:00:00+08:00,7.619106268816354,7.807845592498779,7.609172395830004,7.807845592498779,16187700,0.0,0.0
2024-09-17 00:00:00+08:00,7.807845846879397,7.867447665719923,7.708509482145185,7.778044700622559,16753200,0.0,0.0
2024-09-19 00:00:00+08:00,7.768111015171914,8.056186225465337,7.698575325579832,7.867447376251221,20335522,0.0,0.0
2024-09-20 00:00:00+08:00,7.93698263168335,8.056186265571958,7.857513542424279,7.93698263168335,18099970,0.0,0.0
2024-09-23 00:00:00+08:00,7.9866509437561035,8.046253233585846,7.8773807106324165,7.9866509437561035,8211841,0.0,0.0
2024-09-24 00:00:00+08:00,8.05618608385057,8.423730850219727,8.00651861469369,8.423730850219727,48866997,0.0,0.0
2024-09-25 00:00:00+08:00,8.682006168970485,8.85087822271891,8.4336650249106,8.46346664428711,24883587,0.0,0.0
2024-09-26 00:00:00+08:00,8.523067925982154,9.30782589757527,8.473399508064356,9.287959098815918,65214992,0.0,0.0
2024-09-27 00:00:00+08:00,9.635635787601563,10.07271671295166,9.536299902637444,10.07271671295166,66679409,0.0,0.0
2024-09-30 00:00:00+08:00,10.609134001269128,10.66873534546374,10.271389893012053,10.390593528747559,79723162,0.0,0.0
2024-10-02 00:00:00+08:00,10.589266053308398,10.927010155133377,10.529664710248852,10.748204231262207,38106116,0.0,0.0
2024-10-03 00:00:00+08:00,10.887275890307128,10.90714268938854,9.953513597169744,10.271389961242676,46000183,0.0,0.0
2024-10-04 00:00:00+08:00,10.251522214814973,10.291256760324089,9.86411063293766,10.271389961242676,30604755,0.0,0.0
2024-10-07 00:00:00+08:00,10.549531556391333,10.569399302398283,10.211787453043351,10.370725631713867,29565404,0.0,0.0
2024-10-08 00:00:00+08:00,10.390593142991301,10.509796774301309,9.129019720437782,9.31775951385498,67185232,0.0,0.0
2024-10-09 00:00:00+08:00,9.317760167961172,9.526366774234418,8.731674895700795,9.019750595092773,41361920,0.0,0.0
2024-10-10 00:00:00+08:00,9.15882133877497,9.47669768893499,9.138953593216844,9.31775951385498,21407110,0.0,0.0
2024-10-14 00:00:00+08:00,9.20848986362534,9.248224407862661,8.622404625615149,8.821077346801758,44498519,0.0,0.0
2024-10-15 00:00:00+08:00,8.840943924131833,8.989949171804806,8.324394861965745,8.47339916229248,36664056,0.0,0.0
2024-10-16 00:00:00+08:00,8.47339944579466,8.47339944579466,8.215125379743426,8.254859924316406,27135080,0.0,0.0
2024-10-17 00:00:00+08:00,8.344262085058276,8.642271648241705,8.205191650293285,8.274726867675781,13740340,0.0,0.0
2024-10-18 00:00:00+08:00,8.27472659390916,8.562802274408117,8.145589089223936,8.493267059326172,19285296,0.0,0.0
2024-10-21 00:00:00+08:00,8.493267379052227,8.57273646995068,8.274726905408336,8.34426212310791,18743245,0.0,0.0
2024-10-22 00:00:00+08:00,8.264793322959786,8.433665383896386,8.264793322959786,8.383996963500977,8085600,0.0,0.0
2024-10-23 00:00:00+08:00,8.383997004773011,8.533002266692753,8.264793363645015,8.453533172607422,9152615,0.0,0.0
2024-10-24 00:00:00+08:00,8.4435990753357,8.4435990753357,8.185324052727024,8.294594764709473,9168600,0.0,0.0
2024-10-25 00:00:00+08:00,8.29459417020768,8.383996181767888,8.145588922914865,8.21512508392334,15768066,0.0,0.0
2024-10-28 00:00:00+08:00,8.145589335694984,8.503201189442839,8.145589335694984,8.46346664428711,14080510,0.0,0.0
2024-10-29 00:00:00+08:00,8.513134477590514,8.59260357128464,8.314461743355196,8.383996963500977,5643977,0.0,0.0
2024-10-30 00:00:00+08:00,8.423731136531293,8.423731136531293,8.185323866028622,8.205191612243652,13370405,0.0,0.0
2024-10-31 00:00:00+08:00,8.145589642833391,8.205191936487498,8.016452129371427,8.05618667602539,12720145,0.0,0.0
2024-11-01 00:00:00+08:00,7.976717027317833,8.036319316821976,7.738309763993767,7.917115211486816,21152484,0.0,0.0
2024-11-04 00:00:00+08:00,7.867447639161856,8.026385822200067,7.84758036628208,7.966784477233887,9148793,0.0,0.0
2024-11-05 00:00:00+08:00,7.927049472320683,8.523068133478816,7.797911961529028,8.483333587646484,22333792,0.0,0.0
2024-11-06 00:00:00+08:00,8.354195724722885,8.443598685913846,8.046253244338757,8.115788459777832,14502800,0.0,0.0
2024-11-07 00:00:00+08:00,8.165457256371178,8.57273658975402,8.056186544349037,8.552868843078613,18758001,0.0,0.0
2024-11-08 00:00:00+08:00,8.701873992597122,8.781343083615207,8.503201265051905,8.602537155151367,22343669,0.0,0.0
2024-11-11 00:00:00+08:00,8.423730936592815,8.582670060501767,8.26479276003012,8.5628023147583,17046600,0.0,0.0
2024-11-12 00:00:00+08:00,8.562802737602846,8.701874122635893,7.946916799335872,7.976717472076416,20804534,0.0,0.0
2024-11-13 00:00:00+08:00,7.9469167625632515,7.996585181798532,7.837646524449525,7.907182216644287,11697163,0.0,0.0
2024-11-14 00:00:00+08:00,7.857513635569077,7.907182053781345,7.609172491854018,7.629039764404297,17842354,0.0,0.0
2024-11-15 00:00:00+08:00,7.6290395436546286,7.74824364918022,7.5793716005526655,7.599238872528076,9223251,0.0,0.0
2024-11-18 00:00:00+08:00,7.658840905527775,7.698575450604787,7.470101579575397,7.499902725219727,8824294,0.0,0.0
2024-11-19 00:00:00+08:00,7.66877419396098,7.728376484386942,7.539637161166418,7.549570560455322,8685872,0.0,0.0
2024-11-20 00:00:00+08:00,7.519770070100805,7.619106433748982,7.460168251911898,7.509836196899414,7084000,0.0,0.0
2024-11-21 00:00:00+08:00,7.509836266883197,7.519770140177161,7.36083148318579,7.390632629394531,9643821,0.0,0.0
2024-11-22 00:00:00+08:00,7.390632624062261,7.410499896962704,7.201893294671471,7.261495113372803,12279341,0.0,0.0
2024-11-25 00:00:00+08:00,7.261494744189403,7.321096559860504,7.122423840956835,7.211826801300049,13945178,0.0,0.0
2024-11-26 00:00:00+08:00,7.251561499789477,7.440300349938055,7.241627626795797,7.360831260681152,12049674,0.0,0.0
2024-11-27 00:00:00+08:00,7.251561438503942,7.499902577169514,7.201893021301575,7.480035305023193,7438086,0.0,0.0
2024-11-28 00:00:00+08:00,7.4999028260488165,7.4999028260488165,7.291296224753414,7.321096897125244,6353700,0.0,0.0
2024-11-29 00:00:00+08:00,7.321096643986908,7.460168022490665,7.3012293718682475,7.350897789001465,6546772,0.0,0.0
2024-12-02 00:00:00+08:00,7.440300316658957,7.539637151458907,7.3608312277575045,7.420433044433594,7194100,0.0,0.0
2024-12-03 00:00:00+08:00,7.410499942272449,7.470101761338201,7.350898123206697,7.460168361663818,3720670,0.0,0.0
2024-12-04 00:00:00+08:00,7.46016828043761,7.470101680003839,7.281362351514039,7.321096897125244,12456510,0.0,0.0
2024-12-05 00:00:00+08:00,7.34096402173779,7.350897894776628,7.241627659715093,7.301229476928711,5924500,0.0,0.0
2024-12-06 00:00:00+08:00,7.301229339745457,7.450234116816411,7.281362067714205,7.410499572753906,9018961,0.0,0.0
2024-12-09 00:00:00+08:00,7.410499622559962,7.609172344207764,7.2714287174065015,7.609172344207764,18771041,0.0,0.0
2024-12-10 00:00:00+08:00,7.847580306976364,8.036319634744475,7.450234378710507,7.509836196899414,29866578,0.0,0.0
2024-12-11 00:00:00+08:00,7.519770176069928,7.778044725194813,7.311163572632483,7.33103084564209,21771333,0.0,0.0
2024-12-12 00:00:00+08:00,7.3409642554909444,7.827713155411068,7.3111635827717825,7.718442916870117,45671677,0.0,0.0
2024-12-13 00:00:00+08:00,7.6687743684561696,7.6687743684561696,7.231694368990112,7.251561641693115,39400525,0.0,0.0
2024-12-16 00:00:00+08:00,7.271428657568098,7.42043296074119,7.271428657568098,7.281362056732178,19473500,0.0,0.0
2024-12-17 00:00:00+08:00,7.251561524103478,7.291296068865156,7.082689472029773,7.172091960906982,24483392,0.0,0.0
2024-12-18 00:00:00+08:00,7.291296005249023,7.340963948931204,7.241627587893711,7.291296005249023,14179141,0.0,0.0
2024-12-19 00:00:00+08:00,7.291296299622877,7.3906326646709095,7.1522249148824795,7.33103084564209,16012594,0.0,0.0
2024-12-20 00:00:00+08:00,7.311163391644621,7.450234299269167,7.311163391644621,7.370765209197998,17808181,0.0,0.0
2024-12-23 00:00:00+08:00,7.370765167181167,7.400565838951407,7.251561532753931,7.301229476928711,7130733,0.0,0.0
2024-12-24 00:00:00+08:00,7.281362056732178,7.281362056732178,7.281362056732178,7.281362056732178,0,0.0,0.0
2024-12-27 00:00:00+08:00,7.261494973513571,7.430367026751375,7.221760428477987,7.370765209197998,12617803,0.0,0.0
2024-12-30 00:00:00+08:00,7.390632333238786,7.420433004580212,7.281362099749587,7.350897789001465,8188333,0.0,0.0
2024-12-31 00:00:00+08:00,7.450234413146973,7.450234413146973,7.450234413146973,7.450234413146973,0,0.0,0.0
2025-01-02 00:00:00+08:00,7.380698635320461,7.4303670536311905,7.122424091654839,7.182025909423828,21726100,0.0,0.0
2025-01-03 00:00:00+08:00,7.211826979341798,7.271428796484317,7.122424016791452,7.172091960906982,16242732,0.0,0.0
2025-01-06 00:00:00+08:00,7.1720918373416875,7.1720918373416875,6.953551844917596,6.9634857177734375,29054064,0.0,0.0
2025-01-07 00:00:00+08:00,6.963485903678384,7.13235748367791,6.933684757988385,7.0528883934021,15563500,0.0,0.0
2025-01-08 00:00:00+08:00,7.082689758631334,7.082689758631334,6.884016553110476,6.95355224609375,13125421,0.0,0.0
2025-01-09 00:00:00+08:00,6.953551874326854,7.0032202914698685,6.893950057959113,6.903883457183838,9735190,0.0,0.0
2025-01-10 00:00:00+08:00,7.003220217866483,7.013153616986808,6.814480897849045,6.89394998550415,10531115,0.0,0.0
2025-01-13 00:00:00+08:00,6.864149134388277,6.94361822544241,6.794613916552483,6.933684825897217,11701257,0.0,0.0
2025-01-14 00:00:00+08:00,6.943617972061755,7.033020933071811,6.834348212686274,6.9634857177734375,21622948,0.0,0.0
2025-01-15 00:00:00+08:00,6.993286568133083,7.023087713790858,6.903883604832902,6.923750877380371,10723805,0.0,0.0
2025-01-16 00:00:00+08:00,7.052888576012888,7.17209221451298,6.913817664429448,7.013154029846191,16451639,0.0,0.0
2025-01-17 00:00:00+08:00,7.062822453488424,7.251561784726304,6.9734194877249145,7.14229154586792,15325000,0.0,0.0
2025-01-20 00:00:00+08:00,7.152224573138968,7.241627534246971,7.092622756958008,7.092622756958008,14655774,0.0,0.0
2025-01-21 00:00:00+08:00,7.2118268218589705,7.2118268218589705,6.983352957631873,7.023087501525879,19084866,0.0,0.0
2025-01-22 00:00:00+08:00,7.023087563592449,7.023087563592449,6.884016185061258,6.903883457183838,10837749,0.0,0.0
2025-01-23 00:00:00+08:00,6.953552170898443,7.033021262778149,6.8840164786671245,6.943618297576904,12022926,0.0,0.0
2025-01-24 00:00:00+08:00,6.973419377567709,7.102556887481017,6.933684832005637,7.062822341918945,9545253,0.0,0.0
2025-01-27 00:00:00+08:00,7.082689580302289,7.2118270895884296,7.082689580302289,7.122424125671387,10455671,0.0,0.0
2025-01-28 00:00:00+08:00,7.092622756958008,7.092622756958008,7.092622756958008,7.092622756958008,0,0.0,0.0
2025-02-03 00:00:00+08:00,6.9038835180731635,7.271428766092185,6.9038835180731635,7.231694221496582,13519625,0.0,0.0
2025-02-04 00:00:00+08:00,7.360831260681152,7.52970331218864,7.211826955161025,7.360831260681152,15998700,0.0,0.0
2025-02-05 00:00:00+08:00,7.301229468219008,7.3111633412459955,7.152224688526143,7.172091960906982,9834555,0.0,0.0
2025-02-06 00:00:00+08:00,7.172092002602512,7.331030656246368,7.172092002602512,7.2416276931762695,10339300,0.0,0.0
2025-02-07 00:00:00+08:00,7.281362171424249,7.43036695061751,7.201893082167345,7.360831260681152,12904453,0.0,0.0
2025-02-10 00:00:00+08:00,7.350897789001465,7.390632333238786,7.221760283393604,7.350897789001465,8870488,0.0,0.0
2025-02-11 00:00:00+08:00,7.37076530987919,7.380698709437202,7.142291435967164,7.191959381103516,15191906,0.0,0.0
2025-02-12 00:00:00+08:00,7.261495153271891,7.450234483699729,7.221760607252678,7.33103084564209,18881900,0.0,0.0
2025-02-13 00:00:00+08:00,7.3906323729321155,7.579371695909633,7.311163284030663,7.420433044433594,35773685,0.0,0.0
2025-02-14 00:00:00+08:00,7.470101546112804,7.5893051808098635,7.430367001213784,7.559504508972168,30401906,0.0,0.0
2025-02-17 00:00:00+08:00,7.559504328577255,7.648906815630039,7.450234095875932,7.599238872528076,25196153,0.0,0.0
2025-02-18 00:00:00+08:00,7.629039635987751,7.897248047738446,7.559504420068803,7.867447376251221,46207128,0.0,0.0
2025-02-19 00:00:00+08:00,7.837646599964931,8.225058663244107,7.778044780512224,8.175390243530273,40733781,0.0,0.0
2025-02-20 00:00:00+08:00,8.175389814017398,8.195257559797659,7.778044371874804,7.797911643981934,26704169,0.0,0.0
2025-02-21 00:00:00+08:00,7.857513575532428,7.8972481203293885,7.698575396344589,7.877380847930908,16590158,0.0,0.0
2025-02-24 00:00:00+08:00,7.847580151995019,8.105854692379634,7.6985753726288655,8.066120147705078,21290368,0.0,0.0
2025-02-25 00:00:00+08:00,8.00651863712041,8.00651863712041,7.738309755659993,7.787978172302246,21339718,0.0,0.0
2025-02-26 00:00:00+08:00,7.956850553792839,8.840944428205628,7.956850553792839,8.602537155151367,67932698,0.0,0.0
2025-02-27 00:00:00+08:00,8.741608005188969,8.970081391100905,8.612470503320651,8.85087776184082,46839379,0.0,0.0
2025-02-28 00:00:00+08:00,8.751542358238524,8.771409157199399,8.195257777139705,8.274726867675781,40220539,0.0,0.0
2025-03-03 00:00:00+08:00,8.27472653004259,8.344261744587845,8.105854482707334,8.165456771850586,32597360,0.0,0.0
2025-03-04 00:00:00+08:00,8.225058462872369,8.711807827394601,8.165457118544772,8.533001899719238,25800600,0.0,0.0
2025-03-05 00:00:00+08:00,8.533001389036784,8.75154184896678,8.403863887593888,8.592602729797363,23780649,0.0,0.0
2025-03-06 00:00:00+08:00,8.781343425159658,8.781343425159658,8.592603616141075,8.711808204650879,22754099,0.0,0.0
2025-03-07 00:00:00+08:00,8.751542636925715,8.920413749182751,8.632338049979321,8.761475563049316,25416493,0.0,0.0
2025-03-10 00:00:00+08:00,8.860811803232375,8.860811803232375,8.542935452483814,8.682005882263184,19246846,0.0,0.0
2025-03-11 00:00:00+08:00,8.68200622141467,8.811143730787427,8.54293578620269,8.791276931762695,17755237,0.0,0.0
2025-03-12 00:00:00+08:00,8.731674257800623,8.93034697608324,8.53300153951801,8.612470626831055,15957445,0.0,0.0
2025-03-13 00:00:00+08:00,8.652205428427331,8.801209734744852,8.433664958128197,8.582670211791992,17996089,0.0,0.0
2025-03-14 00:00:00+08:00,8.701873689602644,9.188622091976686,8.592602982747803,9.00981616973877,43820920,0.0,0.0
2025-03-17 00:00:00+08:00,9.089285715119356,9.327693939208984,9.079352789098113,9.327693939208984,33293776,0.0,0.0
2025-03-18 00:00:00+08:00,9.427029971282561,9.427029971282561,9.039618377639863,9.089285850524902,27533051,0.0,0.0
2025-03-19 00:00:00+08:00,9.168754986553763,9.764774137406485,9.109153639876286,9.675371170043945,52323088,0.0,0.0
2025-03-20 00:00:00+08:00,9.675371018590196,9.675371018590196,9.287959429211979,9.397229194641113,53372274,0.0,0.0
2025-03-21 00:00:00+08:00,9.397228642109212,9.695238195348505,9.33762635252285,9.38729476928711,53784020,0.0,0.0
2025-03-24 00:00:00+08:00,9.407163176345335,9.427029976040112,9.178688822104306,9.34756088256836,34922631,0.0,0.0
2025-03-25 00:00:00+08:00,9.347560704891826,9.536300508809452,9.208490267632843,9.516432762145996,24153544,0.0,0.0
2025-03-26 00:00:00+08:00,9.516432825603717,9.516432825603717,9.099219616352087,9.138954162597656,31506258,0.0,0.0
2025-03-27 00:00:00+08:00,9.138953632812074,9.456830931695572,9.138953632812074,9.38729476928711,21333760,0.0,0.0
2025-03-28 00:00:00+08:00,9.526366446332528,9.734973045425441,9.397228937622984,9.427029609680176,17347687,0.0,0.0
2025-03-31 00:00:00+08:00,9.31775951385498,9.615769065803125,9.18862200976591,9.31775951385498,23817672,0.0,0.0
2025-04-01 00:00:00+08:00,9.268091307384365,9.427029486067005,9.148887673372387,9.218422889709473,32330349,0.0,0.0
2025-04-02 00:00:00+08:00,9.218423078003608,9.427029678622107,8.97008193190284,9.307826042175293,19037509,0.0,0.0
2025-04-03 00:00:00+08:00,9.238290811416729,9.238290811416729,8.860812156193234,9.049551010131836,47907135,0.0,0.0
2025-04-07 00:00:00+08:00,8.393930541756015,8.880678960345614,8.284660778607215,8.34426212310791,93359474,0.0,0.0
2025-04-08 00:00:00+08:00,8.344261599487078,8.761474774196056,8.334328674257803,8.592602729797363,50279613,0.0,0.0
2025-04-09 00:00:00+08:00,8.374063236411741,8.443598449907242,8.105854360335556,8.403863906860352,49945257,0.0,0.0
2025-04-10 00:00:00+08:00,8.443598935881557,8.781343044892225,8.413798263717759,8.533001899719238,43829945,0.0,0.0
2025-04-11 00:00:00+08:00,8.443599148994485,8.602537334341326,8.39393072923702,8.43366527557373,31762361,0.0,0.0
2025-04-14 00:00:00+08:00,8.59260288132967,8.691939714144102,8.53300153951801,8.612470626831055,20697698,0.0,0.0
2025-04-15 00:00:00+08:00,8.622405009096239,8.711807974442971,8.463466825078184,8.552868843078613,14930908,0.0,0.0
2025-04-16 00:00:00+08:00,8.473399894782572,8.533002188473379,8.205191941539741,8.314461708068848,16759187,0.0,0.0
2025-04-17 00:00:00+08:00,8.35419629020226,8.463467004541426,8.264793322959786,8.383996963500977,15376285,0.0,0.0
2025-04-22 00:00:00+08:00,8.383996417376292,8.413798036080086,8.125722353367241,8.374063491821289,21921276,0.0,0.0
2025-04-23 00:00:00+08:00,8.443598554588046,8.533001514388495,8.304527178526655,8.354195594787598,13647580,0.0,0.0
2025-04-24 00:00:00+08:00,8.314461745876029,8.374064039837858,8.066120591170009,8.125722885131836,26902728,0.0,0.0
2025-04-25 00:00:00+08:00,8.1455895342223,8.234992499838226,8.046253642585064,8.105854988098145,15299338,0.0,0.0
2025-04-28 00:00:00+08:00,8.10585458690189,8.145589131059399,8.066120042744382,8.115788459777832,9350097,0.0,0.0
2025-04-29 00:00:00+08:00,8.11578882455288,8.125722697875313,7.986651313400151,8.036319732666016,14783274,0.0,0.0
2025-04-30 00:00:00+08:00,8.076053811808832,8.254859731892338,8.076053811808832,8.165456771850586,13983725,0.0,0.0
2025-05-02 00:00:00+08:00,8.165457429515289,8.413798584146017,8.155523555966942,8.383996963500977,15322106,0.0,0.0
2025-05-06 00:00:00+08:00,8.383996606629365,8.51313411522206,8.215125500227224,8.46346664428711,20436144,0.0,0.0
2025-05-07 00:00:00+08:00,8.622404367291367,8.662138910338257,8.38399616166379,8.403863906860352,13389686,0.0,0.0
2025-05-08 00:00:00+08:00,8.374063558035346,8.38399648366889,8.234992178356782,8.254859924316406,20120742,0.0,0.0
2025-05-09 00:00:00+08:00,8.225058449254162,8.294594613982943,8.155523231871667,8.274726867675781,14656301,0.0,0.0
2025-05-12 00:00:00+08:00,8.34426195116947,8.562802420310206,8.244926063266423,8.513134002685547,24271172,0.0,0.0
2025-05-13 00:00:00+08:00,8.513134047810377,8.870745898726467,8.393930413287107,8.582670211791992,37113137,0.0,0.0
2025-05-14 00:00:00+08:00,8.711807729782828,8.840944290161133,8.602537020829416,8.840944290161133,21461520,0.0,0.0
2025-05-15 00:00:00+08:00,8.811143433781064,8.811143433781064,8.711807547313253,8.751542091369629,12104970,0.0,0.0
2025-05-16 00:00:00+08:00,8.751542520447485,8.791277066451999,8.5131342970741,8.552868843078613,21241754,0.0,0.0
2025-05-19 00:00:00+08:00,8.523067903550569,8.523067903550569,8.324395179748535,8.324395179748535,23735000,0.0,0.0
2025-05-20 00:00:00+08:00,8.344261659914398,8.513133705536026,8.274726446074753,8.47339916229248,19662864,0.0,0.0
2025-05-21 00:00:00+08:00,8.149999618530273,8.229999542236328,7.960000038146973,7.989999771118164,25661890,0.4429731,0.0
2025-05-22 00:00:00+08:00,7.920000076293945,7.929999828338623,7.639999866485596,7.650000095367432,34333849,0.0,0.0
